DEPT[M],WELL,CALIPER[MM],DEN[GM/CC],RES(64N),RES[OHM],SP[MV],GAM[API],LITHOLOGY DESCRIPTION,Formation,Classified
71,4,9.21659,2.40999,90.4,68.6001,-39.8,63.5004,SANDSTONE,Raniganj,Sandstone (SST)
72.1,4,9.21659,2.77997,71.0001,62.5002,-36.8,165.102,SANDY SHALE,Raniganj,ss
72.4,4,9.21659,2.74001,56.4003,72.8998,-36.1,129.802,SANDSTONE,Raniganj,Sandstone (SST)
72.7,4,9.21659,2.71,55.4,51.6,-36.2,185.501,SHALE,Raniganj,Grey Shale
73,4,9.21659,2.73,53.5,50.6002,-37.2,202.999,SANDY SHALE,Raniganj,ss
74,4,9.21659,2.68997,63.9999,67.5001,-37.4,164.196,SANDSTONE,Raniganj,Sandstone (SST)
74.6,4,9.21659,2.75998,83.1,76.5,-36.9,150.197,SANDSTONE,Raniganj,Sandstone (SST)
76.9,4,9.21659,2.52,96.1001,79.7,-39.9,129.297,SANDSTONE,Raniganj,Sandstone (SST)
77,4,9.21659,2.48999,96,80.4,-40.3,142.401,SANDY SHALE,Raniganj,ss
78.45,4,9.21659,2.72002,52.7,59.5,-37.2,170.699,SANDY SHALE,Raniganj,ss
80,4,9.21659,2.56002,67.4998,69.1,-39.8,136.7,SANDSTONE,Raniganj,Sandstone (SST)
83,4,8.91705,2.26,72.1999,62.3002,-41.6,72.2015,SANDSTONE,Raniganj,Sandstone (SST)
83.2,4,8.91705,2.33999,72.3,60.1001,-41.4,61.3998,SHALE,Raniganj,Grey Shale
84.5,4,8.91705,2.74,35.5,41.6,-39.6,213.899,SANDY SHALE,Raniganj,ss
84.8,4,8.91705,2.75001,36.8001,42.5002,-39.7,196,SANDSTONE,Raniganj,Sandstone (SST)
86,4,8.91705,2.74,51.3001,65.7006,-40,169.797,SANDY SHALE,Raniganj,ss
89,4,8.96313,2.78,49.3,58.2,-36.6,213.899,SANDY SHALE,Raniganj,ss
91.1,4,9.12442,2.77,48.6,54.2,-38.6,185.999,SANDY SHALE,Raniganj,ss
92,4,9.12442,2.78,49.1,64.1005,-39.1001,157.195,SANDSTONE,Raniganj,Sandstone (SST)
92.94,4,9.28571,2.66,62.0003,60.5002,-37.3,165.5,SANDSTONE,Raniganj,Sandstone (SST)
95,4,9.28571,2.71,58.0002,70.7005,-37.7,145.895,SANDY SHALE,Raniganj,ss
98,4,9.28571,2.66004,53.8003,54.7008,-37.7,139.796,SANDSTONE,Raniganj,Sandstone (SST)
101,4,9.28571,2.58,85.9999,75.4999,-40.8,142.002,SANDSTONE,Raniganj,Sandstone (SST)
104,4,9.28571,2.46,90.4004,76.0002,-39.0999,103.597,SANDSTONE,Raniganj,Sandstone (SST)
107,4,9.21659,2.69999,61.4998,66.4999,-38.1001,128.903,SANDSTONE,Raniganj,Sandstone (SST)
108.7,4,9.21659,2.45,77.9,68.7,-39.8002,102.699,SANDSTONE,Raniganj,Sandstone (SST)
110,4,9.12442,2.35999,67.4002,62.2001,-41.4,76.5987,SANDY SHALE,Raniganj,ss
113,4,9.07834,2.65001,138.401,96.5005,-41.9,100.998,SANDSTONE,Raniganj,Sandstone (SST)
116,4,9.07834,2.47,84.3002,67.3999,-40.8,73.9988,SANDSTONE,Raniganj,Sandstone (SST)
117.46,4,9.12442,2.46999,76.8,62.3,-42.6001,81.0005,SANDSTONE,Raniganj,Sandstone (SST)
119,4,9.12442,2.59001,74.0003,69.7005,-41.5,118.398,ALT SH/SST,Raniganj,alt
120.95,4,9.12442,2.73,48.5003,52.3,-41.9,181.999,SANDY SHALE,Raniganj,ss
122,4,9.12442,2.75,34.4001,39.1996,-41.2,216.498,SANDSTONE,Raniganj,Sandstone (SST)
125,4,9.17051,2.65001,113.798,91.3995,-46.3,100.603,SANDSTONE,Raniganj,Sandstone (SST)
128,4,9.21659,2.42001,82.0999,61.7997,-44.1001,132.807,SANDSTONE,Raniganj,Sandstone (SST)
128.33,4,9.21659,2.44002,80.5002,59.5999,-44.8,140.701,SANDY SHALE,Raniganj,ss
131,4,9.21659,2.70002,99.2986,80.5005,-47.4,95.8017,SANDSTONE,Raniganj,Sandstone (SST)
133.4,4,9.3318,2.75002,73.8001,64.2999,-46.4999,190.798,SANDSTONE,Raniganj,Sandstone (SST)
134,4,9.3318,2.39001,107.501,76,-45.3,89.197,SANDY SHALE,Raniganj,ss
136.5,4,9.49309,2.74,59.3004,56.6003,-44.6001,177.298,SANDY SHALE,Raniganj,ss
137,4,9.53917,2.71002,72.4004,68.6999,-45.3999,158.499,SANDSTONE,Raniganj,Sandstone (SST)
140,4,9.65438,2.76,69.3,67.3995,-41.7001,175.497,SANDY SHALE,Raniganj,ss
140.48,4,9.65438,2.73999,56.2,56.7008,-42.0002,214.701,SANDSTONE,Raniganj,Sandstone (SST)
141.24,4,9.65438,2.76002,65.2,63.4,-44.5,169,SANDY SHALE,Raniganj,ss
141.94,4,9.65438,2.80998,84.8,74.9,-44.8,159,SANDSTONE,Raniganj,Sandstone (SST)
143,4,9.65438,2.76,83.7011,76.2007,-45,161.999,SANDY SHALE,Raniganj,ss
143.17,4,9.65438,2.76998,90.9001,86.8992,-45.0001,141.102,SHALE,Raniganj,Grey Shale
143.42,4,9.65438,2.77001,87.7992,75.099,-44.6001,159.405,SANDY SHALE,Raniganj,ss
143.75,4,9.65438,2.75001,47.9011,68.0015,-44.5001,153.707,ALT SH/SST,Raniganj,alt
144.15,4,9.65438,2.71002,44.1,40,-44.3,228.7,SANDSTONE,Raniganj,Sandstone (SST)
145.49,4,9.65438,2.75002,54.1008,57.3002,-44.8001,194.695,SHALE,Raniganj,Grey Shale
145.75,4,9.65438,2.78998,53.9009,77.5986,-44.8,164.603,SANDY SHALE,Raniganj,ss
146,4,9.65438,2.76002,42.4,62.2973,-45,203,SANDSTONE,Raniganj,Sandstone (SST)
149,4,9.65438,2.61001,100,77.5,-49.9001,156.305,SANDSTONE,Raniganj,Sandstone (SST)
152,4,9.70046,2.53999,94.3995,72.4002,-50.8999,97.499,SANDSTONE,Raniganj,Sandstone (SST)
155,4,9.74654,2.54,96.9,72,-52.2,89.6944,SANDSTONE,Raniganj,Sandstone (SST)
155.14,4,9.74654,2.56001,96.5,73.7003,-52.0999,72.6986,SANDSTONE,Raniganj,Sandstone (SST)
155.78,4,9.74654,2.69999,103.3,75.0008,-49.4001,111.91,SANDY SHALE,Raniganj,ss
158,4,9.74654,2.54002,114.502,90.5005,-49.5998,87.093,SANDSTONE,Raniganj,Sandstone (SST)
159.52,4,9.74654,2.51998,124.2,82.5,-50.2,89.2,SANDSTONE,Raniganj,Sandstone (SST)
160.6,4,9.74654,2.59998,112.3,78.5998,-50.1001,195.604,SHALE,Raniganj,Grey Shale
161,4,9.70046,2.62999,118.8,83.2003,-50.4001,155.495,SANDY SHALE,Raniganj,ss
164,4,9.42396,2.66001,87.9003,73.5003,-46.9,180.7,SANDSTONE,Raniganj,Sandstone (SST)
167,4,9.49309,2.66,79.6,65.8,-45.8002,178.099,SANDSTONE,Raniganj,Sandstone (SST)
170,4,9.49309,2.58,79.7001,67.7001,-45.4,99.3037,SANDSTONE,Raniganj,Sandstone (SST)
173,4,9.49309,2.56,110.4,75.8001,-50.6,94.8993,SANDSTONE,Raniganj,Sandstone (SST)
173.32,4,9.42396,2.53999,114.499,83.1996,-51.3999,67.9044,SANDSTONE,Raniganj,Sandstone (SST)
174.52,4,9.3318,2.52001,110.9,77.7,-51.3,82.3,SANDY SHALE,Raniganj,ss
174.64,4,9.3318,2.56,110,77.6001,-50.8,81.0069,SHALE,Raniganj,Grey Shale
174.86,4,9.3318,2.53999,112.3,80.0002,-49.7002,78.7944,SHALY COAL,Raniganj,coal
176,4,9.21659,2.71002,65.0005,61.801,-49.5999,226.898,SANDY SHALE,Raniganj,ss
177,4,9.17051,2.19993,77.5985,74.3008,-49.3,209.899,ALT SH/SST,Raniganj,alt
179,4,9.00922,2.60002,113,83.4007,-48.2,188.993,SANDSTONE,Raniganj,Sandstone (SST)
182,4,8.91705,2.52002,135.4,95.0002,-49.6001,75.709,SANDSTONE,Raniganj,Sandstone (SST)
185,4,8.91705,2.70001,140.099,99.2992,-48.3999,89.7056,ALT SH/SST,Raniganj,alt
186.7,4,8.96313,2.64,136.4,90.9,-47.6,116.3,SANDSTONE,Raniganj,Sandstone (SST)
188,4,8.96313,2.5,136.001,93.8003,-47.3999,112.299,ALT SH/SST,Raniganj,alt
189.65,4,8.96313,2.57,106.5,77.4,-46.3,252.2,ALT SH/SST,Raniganj,alt
190,4,8.96313,2.66002,108.101,83.0001,-46.7001,223.904,SHALE,Raniganj,Grey Shale
191,4,8.96313,2.63001,126,87.8002,-46.5,219.095,SANDY SHALE,Raniganj,ss
194,4,8.91705,2.51997,72.7001,75.9004,-47.3,204.306,SANDY SHALE,Raniganj,ss
195.2,4,8.91705,2.73,65.5,58.5,-47.2,274.4,ALT SH/SST,Raniganj,alt
197,4,8.96313,2.65999,147.7,96.6,-48.1,202.107,SANDSTONE,Raniganj,Sandstone (SST)
198.15,4,8.96313,2.6,214.9,117.6,-48.9,88.4,SANDSTONE,Raniganj,Sandstone (SST)
198.3,4,8.96313,2.61001,222.9,118.9,-48.8,84,SANDY SHALE,Raniganj,ss
198.55,4,8.96313,2.58,227.6,120.6,-48.9,88.8,SANDSTONE,Raniganj,Sandstone (SST)
200,4,8.96313,2.49001,192,102.9,-48.9,76.6013,SANDY SHALE,Raniganj,ss
200.5,4,8.96313,2.65,186.7,112.2,-47.9,139.793,SANDY SHALE,Raniganj,ss
201.03,4,8.96313,2.74002,128.501,89.4023,-47.3001,204.299,SANDSTONE,Raniganj,Sandstone (SST)
202.5,4,9.00922,2.48001,95.6998,79.7995,-46,220.806,SANDY SHALE,Raniganj,ss
203,4,9.07834,2.83997,115.801,85.7007,-45.2001,192.103,SANDSTONE,Raniganj,Sandstone (SST)
206,4,9.28571,2.74,130,89.4,-44.6999,139.303,SANDSTONE,Raniganj,Sandstone (SST)
207,4,9.3318,2.72,135.3,93.1996,-45.2,128.491,SANDSTONE,Raniganj,Sandstone (SST)
209,4,9.3318,2.61998,138.9,90.4001,-45.8001,126.697,ALT SH/SST,Raniganj,alt
212,4,9.3318,2.66,100.6,78.3002,-44.9,180.704,SANDSTONE,Raniganj,Sandstone (SST)
215,4,9.28571,2.54,123.6,84.9999,-46.5001,75.3027,SANDSTONE,Raniganj,Sandstone (SST)
218,4,9.21659,2.58001,97.5995,75.1998,-46.9999,83.605,SANDSTONE,Raniganj,Sandstone (SST)
219.28,4,9.17051,2.51999,96.8999,77.6,-47.3,75.6977,SANDSTONE,Raniganj,Sandstone (SST)
221,4,9.17051,2.5,100.2,75,-47.3,69.2037,SANDY SHALE,Raniganj,ss
221.24,4,9.17051,2.51,105.3,77.1998,-47.5,76.1983,SANDY SHALE,Raniganj,ss
221.34,4,9.17051,2.5,109.5,79,-47.4,65.3,SHALE,Raniganj,Grey Shale
221.66,4,9.17051,2.52999,117.7,90.4,-47.5,59.2,CARB SHALE,Raniganj,Carb Shale
221.78,4,9.17051,2.52,118,89.4995,-47.3,70.1056,SHALE,Raniganj,Grey Shale
224,4,9.17051,2.57002,77.1997,69.5005,-45.7,284.002,ALT SH/SST,Raniganj,alt
225.48,4,9.12442,2.68,112.7,83.1,-43.1,205.6,ALT SH/SST,Raniganj,alt
227,4,9.28571,2.78996,143.601,96.599,-44.4,124.103,SANDSTONE,Raniganj,Sandstone (SST)
230,4,9.28571,2.64999,140,94.2001,-46.3,111.002,SANDSTONE,Raniganj,Sandstone (SST)
231.4,4,9.21659,2.59998,145.301,94.7005,-47.6,97.498,SANDSTONE,Raniganj,Sandstone (SST)
233,4,9.21659,2.60999,123.9,85.7999,-48.3,106.2,SANDY SHALE,Raniganj,ss
234.5,4,9.12442,2.75001,104.9,74.4003,-48.8,193.402,SANDY SHALE,Raniganj,ss
235.65,4,9.12442,2.71998,108.3,82.7,-49.5,203,SHALE,Raniganj,Grey Shale
236,4,9.12442,2.82001,128.401,84.3004,-49.9,188.101,SANDY SHALE,Raniganj,ss
237.2,4,9.12442,2.56,259.7,129.5,-49.8,212.1,SANDY SHALE,Raniganj,ss
238.1,4,9.07834,2.15002,283.099,141.599,-49.8,163.7,COAL,Raniganj,coal
239,4,9.07834,2.62001,184.498,101.601,-47.8,176.796,SANDSTONE,Raniganj,Sandstone (SST)
242,4,9.07834,2.38264,108.7,77.3,-45.5001,116.302,SANDSTONE,Raniganj,Sandstone (SST)
243.5,4,9.07834,2.41565,102.501,75.4001,-46.3,142.392,SANDY SHALE,Raniganj,ss
243.8,4,9.07834,2.47433,110.1,78.8,-46.8,115.8,SHALE,Raniganj,Grey Shale
245,4,9.07834,2.49267,145.099,94.5998,-49.2,137.211,SANDSTONE,Raniganj,Sandstone (SST)
245.3,4,9.07834,2.56001,123.7,91,-49.4,195.1,SANDY SHALE,Raniganj,ss
246.1,4,9.07834,2.74,109.9,83.9005,-49.5,205.096,SHALE,Raniganj,Grey Shale
247,4,9.07834,2.34008,75.5,67.3,-48.7,233.5,SANDSTONE,Raniganj,Sandstone (SST)
248,4,9.07834,2.61998,97,76.4,-47.8,213.4,SANDY SHALE,Raniganj,ss
248.85,4,9.07834,1.77995,78.7,90.5,-46.5,246.1,SANDSTONE,Raniganj,Sandstone (SST)
250.1,4,9.12442,2.61,72.8006,60.5006,-46.7,240.883,SANDY SHALE,Raniganj,ss
251,4,9.17051,2.72002,68.6,61.7,-47.2,241.3,SANDSTONE,Raniganj,Sandstone (SST)
252.25,4,9.21659,2.64,67.1,57,-48,237.8,SANDSTONE,Raniganj,Sandstone (SST)
252.8,4,9.21659,2.66001,68.1,59,-47.9,233,SANDY SHALE,Raniganj,ss
253.1,4,9.28571,2.64999,81.4988,63.9994,-48.4,234.797,SANDSTONE,Raniganj,Sandstone (SST)
254,4,9.28571,2.87999,283.6,145.5,-49.3,62.2,SANDY SHALE,Raniganj,ss
255.92,4,9.37788,2.74998,93.5997,83.6015,-47.5,160.297,SANDY SHALE,Raniganj,ss
256.62,4,9.37788,2.7,81.9,71,-46.9,219.1,ALT SH/SST,Raniganj,alt
257,4,9.37788,2.68002,70.7,64.4,-47,238.3,SANDY SHALE,Raniganj,ss
260,4,9.49309,2.71,74.8,67.6,-48.1,220.8,SANDY SHALE,Raniganj,ss
262.3,4,9.74654,2.69,68.3,56.9,-47.7,237.8,SANDY SHALE,Raniganj,ss
263,4,9.79263,2.54988,76.5,73.1,-47.5,214.3,SANDSTONE,Raniganj,Sandstone (SST)
266,4,9.95392,2.68003,137.1,97.4,-49,141.5,ALT SH/SST,Raniganj,alt
267.22,4,9.95392,2.67,112.5,77.6,-48.5,203,ALT SH/SST,Raniganj,alt
267.72,4,9.95392,2.78,111.9,78.1,-48.1,201.2,SHALE,Raniganj,Grey Shale
268.2,4,9.95392,2.62,116.601,85.8,-47.5,201.703,SANDY SHALE,Raniganj,ss
269,4,9.86175,2.72003,112.7,74.8,-46.6,207.3,SANDSTONE,Raniganj,Sandstone (SST)
269.74,4,9.86175,2.75,102.3,79.1,-46.5,171.2,SANDSTONE,Raniganj,Sandstone (SST)
270.45,4,9.79263,2.79,98.3,82.2,-46.7,166.4,ALT SH/SST,Raniganj,alt
271.3,4,9.74654,2.67,103,78,-47.2,205.1,SANDY SHALE,Raniganj,ss
272,4,9.70046,2.60002,150.2,93,-47.3,185.5,SHALE,Raniganj,Grey Shale
272.11,4,9.70046,2.7,171.3,102.6,-47.4,140.7,SANDY SHALE,Raniganj,ss
273.41,4,9.58525,2.63003,116.204,81.8008,-46.4002,180.713,COAL,Raniganj,coal
273.61,4,9.58525,2.67,99.3,76.5,-46.2,215.6,SHALE,Raniganj,Grey Shale
273.91,4,9.49309,2.69,86.9009,65.9015,-46,239.095,SANDSTONE,Raniganj,Sandstone (SST)
274.11,4,9.49309,2.62,79.1,62.4,-46.1,257.4,SHALE,Raniganj,Grey Shale
274.28,4,9.49309,2.66,76,62.9,-46.1,251.3,CARB SHALE,Raniganj,Carb Shale
274.48,4,9.49309,2.65003,76.3998,62.8994,-46.0002,219.5,COAL,Raniganj,coal
275,4,9.49309,2.60998,87,69.9,-47.4,225.2,SANDSTONE,Raniganj,Sandstone (SST)
278,4,9.3318,1.18009,136.3,107.8,-43.7,98.4,SANDSTONE,Raniganj,Sandstone (SST)
281,4,9.3318,2.63998,137.7,92.1,-45,66.6,SANDSTONE,Raniganj,Sandstone (SST)
281.9,4,9.3318,2.58,123.5,80.1,-45.4,66.6,SANDSTONE,Raniganj,Sandstone (SST)
282.62,4,9.3318,2.75,119.9,81.1,-45.2,83.1,ALT SH/SST,Raniganj,alt
284,4,9.3318,2.60002,125.9,82,-44.2,76.2,SANDSTONE,Raniganj,Sandstone (SST)
285.35,4,9.3318,2.51,79.5014,66.4014,-43.4,157.586,SANDSTONE,Raniganj,Sandstone (SST)
285.6,4,9.3318,2.72998,69.3991,59.0002,-43.3,244.397,CARB SHALE,Raniganj,Carb Shale
285.8,4,9.3318,2.66,67.3,58.4,-43.3,243.5,SANDY SHALE,Raniganj,ss
287,4,9.3318,2.54,98.2,74.2,-43.4,114.9,SANDSTONE,Raniganj,Sandstone (SST)
287.95,4,9.3318,2.69,96.8,72,-43.2,125.4,ALT SH/SST,Raniganj,alt
290,4,9.17051,2.66,89.6,71.3,-40.9,168.5,SANDSTONE,Raniganj,Sandstone (SST)
291.2,4,9.17051,2.67003,95.7005,74.7995,-42,175.496,SANDSTONE,Raniganj,Sandstone (SST)
293,4,9.17051,2.67,111.2,76.8,-42.3,180.7,SANDSTONE,Raniganj,Sandstone (SST)
296,4,9.17051,2.72,95.2,74.5,-41.6,140.2,SANDSTONE,Raniganj,Sandstone (SST)
297.8,4,9.21659,2.67,115.3,80.6,-43,64.4,SANDSTONE,Raniganj,Sandstone (SST)
298.02,4,9.21659,2.74,163.4,108.4,-43.6,57,SHALY COAL,Raniganj,coal
298.55,4,9.21659,2.64,113,74.3,-43.8,81.4,COAL,Raniganj,coal
299,4,9.21659,2.52,79.2,60.4,-43.9,80.5,SANDY SHALE,Raniganj,ss
302,4,9.21659,1.45,357.9,155.1,-46.4,113.2,SANDY SHALE,Raniganj,ss
303.9,4,9.21659,2.84,81.6,62.9,-40.4,219.5,SANDY SHALE,Raniganj,ss
305,4,9.21659,2.62,89,68.5,-40.3,257.4,ALT SH/SST,Raniganj,alt
306.75,4,9.21659,2.67997,102.2,76.6,-41.8,229.1,SANDSTONE,Raniganj,Sandstone (SST)
308,4,9.21659,2.6,131,86.1,-41.9,182.5,SANDSTONE,Raniganj,Sandstone (SST)
308.32,4,9.21659,2.67,129.9,84.3,-42,179.9,SANDSTONE,Raniganj,Sandstone (SST)
308.86,4,9.21659,2.68,148.4,94.7,-42.8,116.3,ALT SH/SST,Raniganj,alt
309.41,4,9.21659,2.70002,157,95.6998,-43.1998,105.391,SANDY SHALE,Raniganj,ss
310.11,4,9.21659,2.78,177.3,107.2,-44.1,108.8,ALT SH/SST,Raniganj,alt
310.54,4,9.21659,2.62998,169.8,97,-44.6,125.4,SANDY SHALE,Raniganj,ss
310.7,4,9.21659,2.56002,168.5,98.5998,-45.1998,78.8107,SHALY COAL,Raniganj,coal
311,4,9.21659,2.57,174.5,94.3,-45,68.3,ALT SH/SST,Raniganj,alt
311.8,4,9.21659,2.61,214.8,109,-45.9,53.9,ALT SH/SST,Raniganj,alt
312.6,4,9.21659,2.68003,167.796,103.798,-44.5,111.508,SHALE,Raniganj,Grey Shale
312.9,4,9.21659,2.66,133.2,84.1,-43.6,209.9,SHALY COAL,Raniganj,coal
314,4,9.28571,2.68,125.6,83.1,-42.4,176.8,SANDY SHALE,Raniganj,ss
314.5,4,9.28571,1.91,115.9,94.9,-42.2,201.2,SHALE,Raniganj,Grey Shale
315.2,4,9.28571,2.59003,174.701,101.299,-41.3998,168.511,SANDSTONE,Raniganj,Sandstone (SST)
317,4,9.3318,2.75,161.7,90.6,-41.9,209.9,SANDSTONE,Raniganj,Sandstone (SST)
320,4,9.3318,2.67,128.9,86.5,-40.7,100.1,SANDSTONE,Raniganj,Sandstone (SST)
322.25,4,9.42396,2.55997,117.099,77.8,-43.8997,89.6992,SANDSTONE,Raniganj,Sandstone (SST)
323,4,9.42396,2.56,105.5,70.8,-43.8,89.7,SANDY SHALE,Raniganj,ss
324.27,4,9.49309,2.41003,110.2,68.6,-43.9,50,SANDY SHALE,Raniganj,ss
326,4,9.53917,2.58,206.7,109.5,-42.8,128.9,SANDSTONE,Raniganj,Sandstone (SST)
327.1,4,9.53917,2.65002,97.9,72.9,-41.8,212.5,SANDY SHALE,Raniganj,ss
327.57,4,9.53917,2.59,96.1,79.2,-41.5,170.3,SANDSTONE,Raniganj,Sandstone (SST)
328.27,4,9.53917,2.54009,79.4,62,-40.4,208.2,SANDY SHALE,Raniganj,ss
328.45,4,9.53917,2.79,86.8,63.5,-40.5,194.2,SANDSTONE,Raniganj,Sandstone (SST)
329,4,9.53917,2.66,101.5,73.1,-39.9,184.2,SANDY SHALE,Raniganj,ss
329.35,4,9.53917,2.66,132.7,85.1,-40.6,145.9,SANDY SHALE,Raniganj,ss
329.57,4,9.53917,2.8,146.4,98.9,-40.4,126.7,SHALE,Raniganj,Grey Shale
329.75,4,9.53917,2.76002,141.802,100.401,-40.2,119.296,SHALY COAL,Raniganj,coal
330.25,4,9.53917,2.70005,120.9,81.9994,-40.1,182.917,SANDY SHALE,Raniganj,ss
332,4,9.53917,2.57,63.1,58.7,-39.2,262.7,SANDSTONE,Raniganj,Sandstone (SST)
332.4,4,9.53917,2.74,64.4,56.1,-37.9,205.6,SANDY SHALE,Raniganj,ss
332.9,4,9.53917,2.81,68.5,55.7,-38.7,230.8,SANDSTONE,Raniganj,Sandstone (SST)
334,4,9.65438,3.1,100.6,76,-35.7,220,SHALE,Raniganj,Grey Shale
334.2,4,9.65438,2.69003,104.5,71.4002,-36.1998,254.786,SANDY SHALE,Raniganj,ss
334.7,4,9.65438,2.70995,103.7,72.0002,-37,205.095,ALT SH/SST,Raniganj,alt
335,4,9.65438,2.68,99.5,77.1,-37.2,162.4,SANDSTONE,Raniganj,Sandstone (SST)
338,4,9.70046,1.86,59,68.4,-37.1,241.3,SANDSTONE,Raniganj,Sandstone (SST)
341,4,9.79263,2.61,70.2,57.3,-38.6,130.6,SANDSTONE,Raniganj,Sandstone (SST)
343.3,4,9.79263,2.56,64.4,53.6,-40.8,79.2,SANDSTONE,Raniganj,Sandstone (SST)
343.7,4,9.86175,2.55005,65.5997,55.5002,-41.3,88.8073,SHALE,Raniganj,Grey Shale
344,4,9.86175,2.53,73.8,55.3,-40.7,121.5,SANDSTONE,Raniganj,Sandstone (SST)
347,4,9.86175,2.52,84.1,62.1,-40.4,70.1,SANDSTONE,Raniganj,Sandstone (SST)
350,4,9.65438,2.58,85,63.9,-38.4,103.2,ALT SH/SST,Raniganj,alt
351.04,4,9.65438,2.62003,169,115.6,-37.9,114.1,SANDY SHALE,Raniganj,ss
352.04,4,9.65438,2.67002,115.5,79.1,-36.6,183.8,CARB SHALE,Raniganj,Carb Shale
353,4,9.65438,2.68,117.9,80.8,-36.8,164.2,SANDY SHALE,Raniganj,ss
356,4,9.65438,2.32,150.4,102.5,-34.2,187.3,SANDSTONE,Raniganj,Sandstone (SST)
359,4,9.53917,2.69,78.6,65.6,-32.4,167.2,SANDSTONE,Raniganj,Sandstone (SST)
362,4,9.53917,2.56,65.1,52.2,-35.4,174.6,SANDSTONE,Raniganj,Sandstone (SST)
365,4,9.65438,2.62,74.4,66.5,-35.5,111.9,SANDSTONE,Raniganj,Sandstone (SST)
366.35,4,9.65438,2.78,80.4,71.2,-36.5,118,SANDSTONE,Raniganj,Sandstone (SST)
366.81,4,9.65438,2.53,66.2,53.8,-40.6,127.6,SANDY SHALE,Raniganj,ss
366.94,4,9.65438,2.53,64.1,53.7,-40.8,104.5,SHALE,Raniganj,Grey Shale
367.22,4,9.65438,2.56,61.7,54.4,-37.1,140.7,CARB SHALE,Raniganj,Carb Shale
367.44,4,9.65438,2.56,61.1,54.6,-38.2,92.7,SHALE,Raniganj,Grey Shale
367.67,4,9.65438,2.57,62.9,53.1,-36,87.5,CARB SHALE,Raniganj,Carb Shale
368,4,9.65438,2.56,63.3,55.7,-36.3,88.8,SANDY SHALE,Raniganj,ss
368.66,4,9.65438,2.63,74,57,-34.6,104.5,SANDSTONE,Raniganj,Sandstone (SST)
371,4,9.74654,2.66,68,56.7,-33.2,249.6,SANDY SHALE,Raniganj,ss
371.3,4,9.74654,2.6,67.4,51.8,-32.9,249.6,SANDSTONE,Raniganj,Sandstone (SST)
372.5,4,9.74654,2.8,82.4,60.2,-29.9,223.9,SANDY SHALE,Raniganj,ss
374,4,9.74654,2.73,60.1,54.3,-28.4,249.2,ALT SH/SST,Raniganj,alt
374.38,4,9.74654,2.78,60.6995,53.1,-29,216.519,SHALY COAL,Raniganj,coal
374.6,4,9.74654,2.70998,63.3,56.5,-29.3,183.8,SANDY SHALE,Raniganj,ss
377,4,9.74654,2.64,76.3,64.2,-30.8,193.8,SANDSTONE,Raniganj,Sandstone (SST)
380,4,9.65438,2.68,91.3,67.1,-27.8,133.2,SANDSTONE,Raniganj,Sandstone (SST)
382.1,4,9.65438,2.62998,90.7,65.9,-28.5,88.8,SANDSTONE,Raniganj,Sandstone (SST)
382.45,4,9.65438,2.6,77.9,62.4,-29.3,89.7,SHALE,Raniganj,Grey Shale
383,4,9.65438,2.61,71.8,55.2,-29.6,140.7,SANDY SHALE,Raniganj,ss
383.72,4,9.65438,2.66,86.6,67.4,-29.1,154.6,SANDSTONE,Raniganj,Sandstone (SST)
384.02,4,9.65438,2.62,97,72.1,-30.1,109.3,SANDY SHALE,Raniganj,ss
384.62,4,9.65438,2.82,99.4,75.4,-30,64.4,SHALE,Raniganj,Grey Shale
385.14,4,9.70046,2.56,83.7,63.7,-31,74.4,SANDY SHALE,Raniganj,ss
386,4,9.74654,2.56,80,59.9,-30.6,78.3,SANDSTONE,Raniganj,Sandstone (SST)
387.4,4,9.90783,2.9,79.3,62.2,-27.6,207.8,SANDSTONE,Raniganj,Sandstone (SST)
389,4,9.90783,2.72,70.3,60.5,-27,210.4,SANDY SHALE,Raniganj,ss
389.12,4,9.90783,2.65,67.2,61.6,-28.7,206.4,CARB SHALE,Raniganj,Carb Shale
389.24,4,9.90783,2.63,66.4,61.5,-31.6,191.6,SANDY SHALE,Raniganj,ss
389.45,4,9.90783,2.71,73.7,59.8,-26.7,225.6,CARB SHALE,Raniganj,Carb Shale
390.21,4,9.95392,2.71,90.6,64.8,-26.9,192.5,SANDSTONE,Raniganj,Sandstone (SST)
390.44,4,9.95392,2.73,99.8,77.5,-27.5,134.1,SHALE,Raniganj,Grey Shale
390.94,4,9.95392,2.65,105.1,78.5,-27.3,178.1,SANDY SHALE,Raniganj,ss
391.6,4,9.95392,2.7,106.2,75.7,-27.3,208.2,SHALE,Raniganj,Grey Shale
392,4,9.95392,2.74,95.2,75.5,-27.1,215.2,SANDSTONE,Raniganj,Sandstone (SST)
393.1,4,10,2.66997,85.8,66.5,-26.7,224.7,SANDSTONE,Raniganj,Sandstone (SST)
394.2,4,10,2.33002,63.1985,63.3995,-25.7,250.905,SHALE,Raniganj,Grey Shale
394.57,4,10,2.78,90.6,68.6,-25.3,179,SANDY SHALE,Raniganj,ss
395,4,10,2.73,83.5,65.6,-24.9,189,ALT SH/SST,Raniganj,alt
398,4,9.95392,2.63,91.1,59.3,-26.1,236.5,SANDSTONE,Raniganj,Sandstone (SST)
401,4,9.79263,2.65,66,57.4,-24.7,142,SANDSTONE,Raniganj,Sandstone (SST)
403.45,4,9.79263,2.61,72,58.6,-27.3,132.4,SANDSTONE,Raniganj,Sandstone (SST)
403.65,4,9.79263,2.66,69.7,56.6,-26.7,155.9,SHALE,Raniganj,Grey Shale
404,4,9.79263,2.59,64.7,58.6,-27.3,83.6,ALT SH/SST,Raniganj,alt
404.2,4,9.79263,2.62,67.4,54.3998,-26.5998,114.892,ALT SH/SST,Raniganj,alt
404.44,4,9.79263,2.56,65.5,58.3,-27.1,72.2,SANDY SHALE,Raniganj,ss
404.86,4,9.79263,2.6,70.9,55.5,-27.4,123.2,SHALE,Raniganj,Grey Shale
406.58,4,9.79263,2.54,75.6,63,-29.2,93.6,SANDSTONE,Raniganj,Sandstone (SST)
406.74,4,9.79263,2.54,79.2,64.2,-26.4,90.1,SHALE,Raniganj,Grey Shale
407,4,9.79263,2.59,81.6,65.7,-25.4,88.4,SANDY SHALE,Raniganj,ss
410,4,9.70046,2.71,49.2,50.2,-23.8,188.6,SANDSTONE,Raniganj,Sandstone (SST)
413,4,9.70046,2.66,53.3,54,-23.6,152.4,SANDSTONE,Raniganj,Sandstone (SST)
416,4,9.53917,2.57,49.8,49.9,-23.9,114.9,SANDSTONE,Raniganj,Sandstone (SST)
419,4,9.53917,2.74,57.5,56.7,-24.4,114.5,SANDSTONE,Raniganj,Sandstone (SST)
422,4,9.53917,2.53,50.7,46.4,-24.5,131.1,SANDSTONE,Raniganj,Sandstone (SST)
423.9,4,9.53917,2.6,53.9,48.9,-26.3,111.9,SANDSTONE,Raniganj,Sandstone (SST)
424.4,4,9.53917,2.6,48,46.2,-26.6,135.4,SHALE,Raniganj,Grey Shale
425,4,9.58525,2.61,51.7,50.1,-26.3,111.5,SANDY SHALE,Raniganj,ss
427.3,4,9.70046,2.85,210.1,113.3,-24,59.2,ALT SH/SST,Raniganj,alt
428,4,9.70046,2.57,130.5,73.8,-22,91,SANDSTONE,Raniganj,Sandstone (SST)
431,4,9.86175,2.71,70.9,60.9,-18.6,210.8,SANDSTONE,Raniganj,Sandstone (SST)
432.28,4,9.86175,2.68,61.1,57.7,-19.3,225.6,SANDSTONE,Raniganj,Sandstone (SST)
432.98,4,9.86175,2.65002,82.7983,62.0994,-19.7,145.007,SHALE,Raniganj,Grey Shale
434,4,9.86175,2.6,80.5,63.3,-21,89.7,SANDY SHALE,Raniganj,ss
435.62,4,9.86175,2.63,100.3,70.5,-21.9,58.3,SANDSTONE,Raniganj,Sandstone (SST)
437,4,9.86175,2.72,81.3,69,-21.1,144.1,SANDY SHALE,Raniganj,ss
438.62,4,9.86175,2.7,55.7,50.6,-19.3,245.7,SANDSTONE,Raniganj,Sandstone (SST)
438.82,4,9.86175,2.69003,58.9992,53.2986,-19.1,246.112,SHALE,Raniganj,Grey Shale
439.67,4,9.86175,2.75,108,79.4,-19,138.5,SANDY SHALE,Raniganj,ss
439.77,4,9.86175,2.77,112.7,86.1,-19,139.8,SANDSTONE,Raniganj,Sandstone (SST)
440,4,9.86175,2.83,105.7,89.3,-18.5,117.6,SANDY SHALE,Raniganj,ss
443,4,9.86175,2.66,64.6,55.5,-19.6,216.5,SANDSTONE,Raniganj,Sandstone (SST)
446,4,9.74654,2.65,64.8,58.7,-15.9,109.3,SANDSTONE,Raniganj,Sandstone (SST)
449,4,9.53917,2.6,59.5,51.2,-17.6,150.7,SANDSTONE,Raniganj,Sandstone (SST)
452,4,9.42396,2.61,53.4,52.1,-17.2,88.8,SANDSTONE,Raniganj,Sandstone (SST)
455,4,9.42396,2.68,59.8,57.6,-18.1,91.4,SANDSTONE,Raniganj,Sandstone (SST)
456.64,4,9.49309,2.65,46.4,47.7,-17,107.1,SANDSTONE,Raniganj,Sandstone (SST)
456.94,4,9.49309,2.63,44.9,46.1,-17.2,117.6,SHALE,Raniganj,Grey Shale
457.84,4,9.49309,2.62,43.8,47.1,-17.3,93.6,ALT SH/SST,Raniganj,alt
458,4,9.49309,2.61,44.2,46.1,-17.8,101.4,SHALE,Raniganj,Grey Shale
458.22,4,9.49309,2.64,44.1,44.5,-18,114.1,SHALE,Raniganj,Grey Shale
458.38,4,9.49309,2.72,43.1,44.2998,-17.8,107.116,SANDY SHALE,Raniganj,ss
458.83,4,9.49309,2.71,45.3,47.2,-18.2,142,SHALE,Raniganj,Grey Shale
459.25,4,9.53917,2.72002,68.098,68.2944,-18.3998,96.2326,SANDY SHALE,Raniganj,ss
461,4,9.53917,2.66,62.4,55.6,-19.3,103.6,ALT SH/SST,Raniganj,alt
461.9,4,9.53917,2.82,86.9,85.4,-19.4,89.7,ALT SH/SST,Raniganj,alt
462,4,9.53917,2.79,88.6,80.2,-19.7,96.6,SHALE,Raniganj,Grey Shale
462.18,4,9.53917,2.61,86,62.7,-19,220.8,SHALY COAL,Raniganj,coal
462.36,4,9.53917,2.62,76.7,62.7,-18.9,276.6,SHALE,Raniganj,Grey Shale
464,4,9.53917,2.72,75.1,62.9,-17.7,240.4,SANDSTONE,Raniganj,Sandstone (SST)
464.46,4,9.53917,2.72,80.4,71.9,-18,206.4,ALT SH/SST,Raniganj,alt
465.26,4,9.53917,2.72998,95.0009,71.7005,-17.6,140.696,SHALE,Raniganj,Grey Shale
466.46,4,9.53917,2.69,89.4,66.8,-16.6,195.6,SANDY SHALE,Raniganj,ss
467,4,9.53917,2.71,97.5,69.7,-17.5,186,SANDSTONE,Raniganj,Sandstone (SST)
469.22,4,9.53917,2.84,130.8,94.7,-14.4,123.2,SANDSTONE,Raniganj,Sandstone (SST)
469.5,4,9.53917,2.66,125.7,79.7,-14.9,173.3,CARB SHALE,Raniganj,Carb Shale
470,4,9.53917,2.64,92.3,71.6,-13.8,210.4,SANDSTONE,Raniganj,Sandstone (SST)
473,4,9.42396,2.71,67.3,61.5,-15.1,207.8,SANDY SHALE,Raniganj,ss
473.5,4,9.42396,2.75,72.6,63.3,-15.4,132.8,SANDY SHALE,Raniganj,ss
476,4,9.37788,2.72,57.4,51.4,-14.1,219.5,SANDSTONE,Raniganj,Sandstone (SST)
477.3,4,9.42396,2.76,58.8,55.8,-15.4,173.3,SANDSTONE,Raniganj,Sandstone (SST)
477.9,4,9.42396,2.68,62.3,55.2,-14.2,217.8,ALT SH/SST,Raniganj,alt
478.2,4,9.42396,2.69998,64,56.2,-14.8,184.7,SHALE,Raniganj,Grey Shale
478.43,4,9.42396,2.73,67.3997,58.3998,-15.6002,194.18,CARB SHALE,Raniganj,Carb Shale
478.72,4,9.42396,2.69,69.6,60.2,-15.5,174.2,SHALE,Raniganj,Grey Shale
479,4,9.49309,2.71,69.7,60.1,-15.7,192.1,SANDSTONE,Raniganj,Sandstone (SST)
480.98,4,9.53917,2.60998,70.0018,56.1006,-17.7,108.405,ALT SH/SST,Raniganj,alt
481.36,4,9.53917,2.65,59.9,49.9,-17.4,114.9,SHALE,Raniganj,Grey Shale
481.66,4,9.53917,2.62,61.6997,48.7995,-17.6998,98.4014,SANDY SHALE,Raniganj,ss
482,4,9.53917,2.66,69.2,58.9,-18.5,88.4,SANDSTONE,Raniganj,Sandstone (SST)
484.62,4,9.53917,2.9,106.7,70.9,-16.2,220.4,SANDSTONE,Raniganj,Sandstone (SST)
485,4,9.53917,2.73,138.4,86,-15.3,116.3,SHALE,Raniganj,Grey Shale
485.5,4,9.53917,2.68,124.3,77.6,-15.7,198.6,ALT SH/SST,Raniganj,alt
487.7,4,9.53917,2.7,101.2,72.8,-14.5,200.3,SHALE,Raniganj,Grey Shale
488,4,9.53917,2.69,119.1,81.7,-15,122.8,SANDSTONE,Raniganj,Sandstone (SST)
488.85,4,9.42396,2.67,123.6,76.7,-15,125.4,SANDSTONE,Raniganj,Sandstone (SST)
489.67,4,9.42396,2.74,125.5,76.7,-15.7,145,SHALE,Raniganj,Grey Shale
490.25,4,9.42396,2.76002,138.602,92.3005,-16.3,111.49,SANDSTONE,Raniganj,Sandstone (SST)
490.7,4,9.42396,2.57,104.2,71.4,-16.4,247.4,SANDY SHALE,Raniganj,ss
491,4,9.37788,2.67,99.9,74.4,-16,206,SANDSTONE,Raniganj,Sandstone (SST)
494,4,9.37788,2.69,110.6,76.5,-13.4,174.2,SANDSTONE,Raniganj,Sandstone (SST)
497,4,9.37788,2.7,77.7,64.1,-13.6,151.5,SANDSTONE,Raniganj,Sandstone (SST)
499.58,4,9.42396,2.8,86.1,65.1,-15.6,101.9,ALT SH/SST,Raniganj,alt
500,4,9.49309,2.69,98,68.3,-17.1,92.7,SHALE,Raniganj,Grey Shale
501.16,4,9.58525,2.67,98.7977,67.7965,-18.4998,93.5986,SHALE,Raniganj,Grey Shale
501.81,4,9.65438,2.57005,117.802,74.8009,-17.5,53.9047,SANDY SHALE,Raniganj,ss
503,4,9.65438,2.68,102.5,73.1,-17.5,200.8,ALT SH/SST,Raniganj,alt
504.25,4,9.74654,2.71997,81.4997,62.2998,-15.1003,208.619,ALT SH/SST,Raniganj,alt
505.03,4,9.79263,2.81003,93.5003,71.0002,-14.1002,141.113,SHALE,Raniganj,Grey Shale
505.25,4,9.79263,2.62998,91.6005,69.3002,-13.7998,190.293,SHALY COAL,Raniganj,coal
505.53,4,9.79263,2.72998,70.203,70.7006,-13.4002,148.106,SHALE,Raniganj,Grey Shale
506,4,9.79263,2.77,45.4,41.7,-13.3,247.8,SANDY SHALE,Raniganj,ss
506.57,4,9.79263,2.57,41.6,45.4,-12.8,273.6,SANDY SHALE,Raniganj,ss
509,4,9.86175,2.95,97.8,82.1,-16,73.6,SANDSTONE,Raniganj,Sandstone (SST)
512,4,9.86175,2.73,57.1,49.2,-12.1,200.8,SANDSTONE,Raniganj,Sandstone (SST)
512.48,4,9.86175,2.75,52.2,52,-11.2,229.5,SHALE,Raniganj,Grey Shale
512.78,4,9.86175,2.64,54.7,49.8,-12.8,148.1,SANDY SHALE,Raniganj,ss
515,4,9.86175,2.57,40,37.8,-12.1,76.6,SANDSTONE,Raniganj,Sandstone (SST)
515.5,4,9.86175,2.63,41.8,40.9,-13.8,63.5,SANDSTONE,Raniganj,Sandstone (SST)
517,4,9.86175,2.7,37.7,36.8,-16.4,88.8,SANDY SHALE,Raniganj,ss
518,4,9.86175,2.7,59.2,44.4,-16.4,73.6,SANDSTONE,Raniganj,Sandstone (SST)
520.86,4,9.58525,2.69,56.7,53,-16.6,187.7,SANDSTONE,Raniganj,Sandstone (SST)
521,4,9.58525,2.67,56.9,53.3,-16.8,182,SANDY SHALE,Raniganj,ss
522.55,4,9.49309,2.7,52.5,48.5,-13.9,202.1,SANDY SHALE,Raniganj,ss
523,4,9.42396,2.71,56.1,52.1,-17.3,206,SHALY COAL,Raniganj,coal
523.55,4,9.42396,2.79,54.6,51.6,-18.1,121.9,ALT SH/SST,Raniganj,alt
524,4,9.42396,2.72,45.1,43.2,-17.1,139.3,SHALE,Raniganj,Grey Shale
525.3,4,9.37788,2.6,49.1,45.9,-16.7,123.2,ALT SH/SST,Raniganj,alt
527,4,9.37788,2.78,53.7,46.3,-16.6,181.2,SANDSTONE,Raniganj,Sandstone (SST)
527.95,4,9.3318,2.67997,63.2976,53.0994,-16.3997,248.74,SANDSTONE,Raniganj,Sandstone (SST)
528.17,4,9.3318,2.72,74,55.9,-17.2,243.1,SHALE,Raniganj,Grey Shale
529.78,4,9.3318,2.67,60.3,51.1,-11.6,271.8,SANDSTONE,Raniganj,Sandstone (SST)
530,4,9.3318,2.52,53.9,52,-10.9,257,SHALE,Raniganj,Grey Shale
531.56,4,9.3318,2.66,58.3,42.6,-10.5,131.1,SANDSTONE,Raniganj,Sandstone (SST)
531.76,4,9.3318,2.67,62.1,65.4,-12.5,70.9,CARB SHALE,Raniganj,Carb Shale
532.03,4,9.3318,2.91,61.8,69.6,-10.6,72.2,SHALE,Raniganj,Grey Shale
532.43,4,9.3318,2.65,53.4,45.5,-11.6,94,SANDSTONE,Raniganj,Sandstone (SST)
533,4,9.3318,2.7,56.8,50.1,-12.5,105.8,SHALE,Raniganj,Grey Shale
533.13,4,9.3318,2.72,58.1,54.3,-12.4,91.4,SHALE,Raniganj,Grey Shale
535.23,4,9.3318,2.76,61.5,52.1,-11.8,199,SANDSTONE,Raniganj,Sandstone (SST)
536,4,9.3318,2.7,65.4,54.5,-12.4,132.8,SHALE,Raniganj,Grey Shale
537.55,4,9.28571,2.77,68.5,56.7,-13.2,162,SANDY SHALE,Raniganj,ss
539,4,9.28571,2.61,72.9,57.9,-12.7,279.2,SANDSTONE,Raniganj,Sandstone (SST)
542,4,9.28571,2.55,75.6,66.3,-10.2,233.5,SANDSTONE,Raniganj,Sandstone (SST)
545,4,9.28571,2.78,52.5,49.1,-11.5,212.5,SANDSTONE,Raniganj,Sandstone (SST)
548,4,9.3318,2.69,39.5,43.6,-13.1,123.7,SANDSTONE,Raniganj,Sandstone (SST)
549.48,4,9.37788,2.68,45.4,45,-13.4,67,SANDY SHALE,Raniganj,ss
550.28,4,9.42396,2.66,66.6,51.5,-14,140.7,SANDSTONE,Raniganj,Sandstone (SST)
550.78,4,9.42396,2.84,196,113.5,-14.5,93.6,SANDY SHALE,Raniganj,ss
551,4,9.42396,2.76,172.1,97.2,-14.4,46.5,SANDSTONE,Raniganj,Sandstone (SST)
551.54,4,9.42396,2.64,59.4,47,-13,128,SANDSTONE,Raniganj,Sandstone (SST)
551.94,4,9.42396,2.77,50.6,42.7,-13.1,135.4,SANDY SHALE,Raniganj,ss
552.46,4,9.42396,2.66003,52.9982,44.7988,-14.1003,167.209,SANDSTONE,Raniganj,Sandstone (SST)
552.73,4,9.42396,2.66,64,50.1,-14.5,188.1,SHALE,Raniganj,Grey Shale
553.43,4,9.74654,2.55,97.2,69.9,-14,215.6,SANDY SHALE,Raniganj,ss
553.75,4,9.79263,2.67,113.1,70.9,-12.9,200.8,SHALE,Raniganj,Grey Shale
554,4,9.79263,2.55,109.5,82.4,-13.3,207.8,SHALY COAL,Raniganj,coal
554.18,4,9.79263,2.42,106.4,83.7,-12.7,184.2,SHALY COAL,Raniganj,coal
557,4,10,2.53,90.8,74.5,-13.6,222.6,SANDY SHALE,Raniganj,ss
559,4,10.1152,2.74,127.6,75.4,-14,126.3,SANDY SHALE,Raniganj,ss
560,4,10.1152,2.64,173.1,90.7,-12.1,207.8,SANDSTONE,Raniganj,Sandstone (SST)
561.07,4,10.1152,2.91,105.908,64.204,-9.4,228.713,SANDSTONE,Raniganj,Sandstone (SST)
561.32,4,10.1152,2.7,86.4,60.2,-9.2,216.9,SANDY SHALE,Raniganj,ss
561.68,4,10.1152,2.7,83.7,63.2,-8.9,232.6,SHALE,Raniganj,Grey Shale
562.16,4,10.1152,2.74,82.8,63.5,-8.7,222.1,SANDY SHALE,Raniganj,ss
563,4,10.1152,2.69,71.1,56.5,-9.4,229.5,ALT SH/SST,Raniganj,alt
564.42,4,10.1152,2.73,71,56.6,-11.4,222.6,SANDY SHALE,Raniganj,ss
565.02,4,10.1152,2.74009,71.3988,57.2988,-12.2,233.898,SHALE,Raniganj,Grey Shale
565.5,4,10.1152,2.65,85.7,65.9,-12.6,209.9,CARB SHALE,Raniganj,Carb Shale
566,4,10.1152,2.77,91,71.9,-12.6,164.2,SHALE,Raniganj,Grey Shale
568.23,4,9.90783,2.57,74.9,63.9,-12.3,218.2,ALT SH/SST,Raniganj,alt
569,4,9.90783,2.71,110.8,76.8,-12.6,168.5,SANDY SHALE,Raniganj,ss
569.55,4,9.90783,2.66,123.1,74.1,-13.3,209.5,SANDY SHALE,Raniganj,ss
570.02,4,9.90783,2.28009,169.977,97.7933,-11.7006,197.666,SANDSTONE,Raniganj,Sandstone (SST)
572,4,9.79263,2.68,178.4,89.5,-10.2,212.5,SANDY SHALE,Raniganj,ss
572.31,4,9.79263,2.32,125.9,99.4,-9.2,168.5,SHALE,Raniganj,Grey Shale
572.53,4,9.79263,1.87,99.4,69.6,-7.7,202.1,SANDY SHALE,Raniganj,ss
572.65,4,9.79263,3,91.8,59.9,-7.4,216.5,SHALE,Raniganj,Grey Shale
572.85,4,9.79263,2.78,81.3,56.3,-7.2,233.9,SANDY SHALE,Raniganj,ss
573.35,4,9.79263,2.75,77.6,60.4,-6.9,180.3,SHALE,Raniganj,Grey Shale
573.53,4,9.79263,2.72,77.1,59.9,-6.9,179.9,COAL,Raniganj,coal
573.93,4,9.79263,2.72,80.8,62.7,-7,167.2,SANDSTONE,Raniganj,Sandstone (SST)
574.7,4,9.79263,2.92,143.8,99.7,-6.9,94,SANDY SHALE,Raniganj,ss
575,4,9.79263,2.86,117.9,80.9,-7.8,133.7,SANDSTONE,Raniganj,Sandstone (SST)
575.7,4,9.79263,2.71,81.2,61.6,-8.9,220,SANDY SHALE,Raniganj,ss
576.08,4,9.79263,2.71,90.6973,64.2991,-9.6,225.205,CARB SHALE,Raniganj,Carb Shale
578,4,9.79263,2.74,78.3,59.5,-10.6,199.5,SANDSTONE,Raniganj,Sandstone (SST)
580.18,4,9.79263,1.28,152.5,104.6,-9.8,129.8,SANDSTONE,Raniganj,Sandstone (SST)
580.45,4,9.79263,3.24991,107.909,67.3018,-8.1,191.168,SANDY SHALE,Raniganj,ss
581,4,9.79263,2.69,79.6,59,-7.6,298.4,SHALE,Raniganj,Grey Shale
581.1,4,9.79263,2.65,75.4,61.6,-7.6,274.9,SHALE,Raniganj,Grey Shale
581.99,4,9.79263,2.2,80.7,72.3,-8,263.1,ALT SH/SST,Raniganj,alt
582.19,4,9.79263,2.37,94.2,62,-8.4,247.8,SHALE,Raniganj,Grey Shale
582.37,4,9.79263,2.75,98.1,64.5,-7.8,237.4,SHALY COAL,Raniganj,coal
582.77,4,9.79263,2.2,83.7,81.8,-7.9,275.7,SANDY SHALE,Raniganj,ss
584,4,9.79263,2.71,43.4,45.9,-8,179.4,SANDSTONE,Raniganj,Sandstone (SST)
585.33,4,9.79263,2.75,46.2,42.7,-8.8,108,SANDSTONE,Raniganj,Sandstone (SST)
586.28,4,9.79263,2.71,43.6,41.7,-10.3,98.8,SANDY SHALE,Raniganj,ss
587,4,9.79263,2.66,52,48.5,-11.4,127.6,SANDSTONE,Raniganj,Sandstone (SST)
588.16,4,9.79263,2.9,94.5,69.3,-11.9,202.1,ALT SH/SST,Raniganj,alt
589.52,4,9.79263,3.06982,73.5073,51.8067,-7.70061,203.005,SANDSTONE,Raniganj,Sandstone (SST)
590,4,9.79263,2.78,59.2,48.3,-7.4,245.7,SHALE,Raniganj,Grey Shale
590.64,4,9.70046,2.72,65.5,51.6,-7,145.9,SHALE,Raniganj,Grey Shale
590.78,4,9.70046,2.73,68.5,51.9,-7.1,195.6,SHALY COAL,Raniganj,coal
590.96,4,9.70046,2.62009,71.1994,58.7957,-7.2,157.203,CARB SHALE,Raniganj,Carb Shale
593,4,9.58525,2.66,61.4,51.7,-8.5,190.8,SANDY SHALE,Raniganj,ss
594.44,4,9.42396,2.71,84.1,65.1,-9.6,192.1,SANDSTONE,Raniganj,Sandstone (SST)
596,4,9.3318,2.61,88.2,68.9,-10.2,171.2,SANDY SHALE,Raniganj,ss
599,4,9.07834,2.78,61.7,52.7,-6.1,275.7,SANDSTONE,Raniganj,Sandstone (SST)
602,4,9.07834,2.78,67.5,61.2,-5.5,198.6,SANDSTONE,Raniganj,Sandstone (SST)
605,4,9.12442,2.67,28.6,34.2,-6.2,101,SANDSTONE,Raniganj,Sandstone (SST)
608,4,9.12442,2.73,35.3,40.2,-7.5,127.6,SANDSTONE,Raniganj,Sandstone (SST)
611,4,9.12442,2.66,34.2,33.8,-6,129.3,SANDSTONE,Raniganj,Sandstone (SST)
614,4,9.21659,2.69,27.5,38.1,-6.5,147.6,SANDSTONE,Raniganj,Sandstone (SST)
617,4,9.3318,2.64,25.8,33.5,-6.9,71.4,SANDSTONE,Raniganj,Sandstone (SST)
619.3,4,9.3318,2.68,26.4,31,-7.3,186,SANDSTONE,Raniganj,Sandstone (SST)
620,4,9.37788,2.68,30.7,36.7,-8,108,SHALE,Raniganj,Grey Shale
620.45,4,9.37788,2.56997,37.2,39.6,-6.99939,87.0854,SHALE,Raniganj,Grey Shale
620.93,4,9.37788,2.66,40.6,37.5,-7.9,240,SHALY COAL,Raniganj,coal
623,4,9.37788,2.64,140.3,85.9,-9.2,51.8,SANDSTONE,Raniganj,Sandstone (SST)
625.25,4,9.37788,2.58,92.3,62.7,-7.8,64,SANDSTONE,Raniganj,Sandstone (SST)
625.75,4,9.37788,2.59,78.5,64.7,-7.2,74.9,SHALE,Raniganj,Grey Shale
626,4,9.37788,2.65,86.5,60.6,-7.4,74,SANDY SHALE,Raniganj,ss
626.77,4,9.37788,2.5,89.6,67.6,-6.4,242.2,SHALE,Raniganj,Grey Shale
627.21,4,9.37788,2.63,106.6,69.8,-6.3,193.4,SANDY SHALE,Raniganj,ss
628.11,4,9.49309,1.99,168.5,89,-5,163.3,SANDSTONE,Raniganj,Sandstone (SST)
629,4,9.49309,2.73,117.8,75.2,-4.9,145.9,SANDY SHALE,Raniganj,ss
630,4,9.49309,2.72,93.5,65.1,-4.5,91,SANDSTONE,Raniganj,Sandstone (SST)
631.2,4,9.49309,2.74,90.5,65.5,-4.5,191.6,ALT SH/SST,Raniganj,alt
631.6,4,9.53917,2.69,95.8,67.6,-6.1,183.8,SANDY SHALE,Raniganj,ss
632,4,9.58525,2.67,108.6,71.3,-5.9,155.9,SANDSTONE,Raniganj,Sandstone (SST)
632.28,4,9.58525,3.08,110,73,-6.6,168.5,SANDSTONE,Raniganj,Sandstone (SST)
632.53,4,9.58525,1.77,93.2,73,-7,195.1,SHALE,Raniganj,Grey Shale
633.05,4,9.58525,2.54,72.9,58.3,-4.3,265.3,SANDSTONE,Raniganj,Sandstone (SST)
633.25,4,9.58525,2.79,72.9,55.1,-4.7,246.1,SHALE,Raniganj,Grey Shale
633.95,4,9.58525,2.49,55.7982,45.1027,-4.8,270.503,SANDSTONE,Raniganj,Sandstone (SST)
634.25,4,9.58525,2.78,55.7,52.6,-5.1,238.3,ALT SH/SST,Raniganj,alt
634.35,4,9.58525,2.71,58.1,55.2,-4.6,212.5,SHALE,Raniganj,Grey Shale
635,4,9.65438,2.68,82.2,61.5,-5.2,167.2,COAL,Raniganj,coal
635.83,4,9.70046,2.55,81.9,60.9,-5.5,206,SANDSTONE,Raniganj,Sandstone (SST)
636.58,4,9.70046,2.54,97.9006,69.4951,-5.9997,166.834,ALT SH/SST,Raniganj,alt
636.92,4,9.70046,2.81,109.6,77,-5.5,114.5,SHALE,Raniganj,Grey Shale
638,4,9.70046,2.68,95.9,64.9,-5.8,165.9,SANDSTONE,Raniganj,Sandstone (SST)
638.7,4,9.74654,2.15,97.1,78.9,-5.5,197.7,SHALE,Raniganj,Grey Shale
639.42,4,9.74654,2.74,94.7,68.5,-4.9,175.1,ALT SH/SST,Raniganj,alt
640.65,4,9.74654,2.71,117.1,78.4,-5.9,193.4,SANDSTONE,Raniganj,Sandstone (SST)
641,4,9.74654,2.68,136.2,83.1,-5.5,171.2,ALT SH/SST,Raniganj,alt
641.78,4,9.74654,2.51,187.3,95.4,-6.2,172.9,ALT SH/SST,Raniganj,alt
643.42,4,9.74654,2.79,89.5,65.2,-4.2,167.7,SANDY SHALE,Raniganj,ss
644,4,9.74654,2.71,92.6,65,-4.2,200.8,SANDSTONE,Raniganj,Sandstone (SST)
647,4,9.65438,2.66,71.2,54.7,-3.3,151.5,SANDSTONE,Raniganj,Sandstone (SST)
647.6,4,9.49309,2.88,84,60.5,-3.7,103.6,SANDY SHALE,Raniganj,ss
650,4,9.37788,2.33,64.1,55.6,-4,221.3,SANDSTONE,Raniganj,Sandstone (SST)
653,4,9.37788,2.62,85.1,62.7,-4.5,93.2,SANDSTONE,Raniganj,Sandstone (SST)
653.5,4,9.3318,2.61,89.6,64.6,-4.3,62.2,SHALE,Raniganj,Grey Shale
654.65,4,9.3318,2.57,77.6,61.9,-4.9,206.4,SANDY SHALE,Raniganj,ss
655.33,4,9.3318,2.62,84.3,62.8,-5.2,190.3,ALT SH/SST,Raniganj,alt
656,4,9.3318,2.91,106.4,71.9,-5.9,175.9,SANDSTONE,Raniganj,Sandstone (SST)
659,4,9.17051,2.61,125.9,74,-5.9,61.8,SANDSTONE,Raniganj,Sandstone (SST)
662,4,9.12442,2.64,64,54.2,-3.2,209.1,SANDSTONE,Raniganj,Sandstone (SST)
662.73,4,9.12442,2.68,65.4,57.6,-2.9,211.7,SANDSTONE,Raniganj,Sandstone (SST)
662.93,4,9.12442,2.64,68.5,61.9,-2.3,197.3,CARB SHALE,Raniganj,Carb Shale
663.47,4,9.12442,2.72,68.2,55,-2.6,108.8,SHALE,Raniganj,Grey Shale
663.85,4,9.12442,2.62,66.4,56,-3.2,82.3,SANDSTONE,Raniganj,Sandstone (SST)
665,4,9.17051,2.72,72.3,56.2,-3.9,84,SANDY SHALE,Raniganj,ss
665.36,4,9.17051,2.61,69.2,66,-4.7,88.8,SANDY SHALE,Raniganj,ss
668,4,9.12442,2.72,101.4,69.2,-6.3,66.6,ALT SH/SST,Raniganj,alt
669.8,4,9.17051,2.74,136.4,78.3,-5.3,66.1,ALT SH/SST,Raniganj,alt
671,4,9.21659,2.94,93.5,60,-3,206.9,COAL,Raniganj,coal
672.7,4,9.28571,2.73,73.7,59.7,-1.1,185.5,SANDY SHALE,Raniganj,ss
674,4,9.28571,2.72,96.3,70.7,-2.8,189.9,SANDSTONE,Raniganj,Sandstone (SST)
675.8,4,9.28571,2.64,114.5,77.3,-5.2,209.9,SANDSTONE,Raniganj,Sandstone (SST)
676.2,4,9.28571,2.68,118.5,79.2,-4.6,194.7,COAL,Raniganj,coal
677,4,9.28571,2.84,136.6,78.5,-5.5,190.3,SANDY SHALE,Raniganj,ss
678.1,4,9.28571,1.15,386.8,139,-9.5,78.3,ALT SH/SST,Raniganj,alt
679.3,4,9.28571,2.7,152.3,85.8,-4.5,223.9,SANDSTONE,Raniganj,Sandstone (SST)
680,4,9.28571,2.65,137.5,82.2,-3,211.7,SANDY SHALE,Raniganj,ss
681.9,4,9.3318,2.68,91.9,64.5,-0.5,220,ALT SH/SST,Raniganj,alt
682.83,4,9.37788,2.79,112.6,71.8,-1.8,146.3,SANDSTONE,Raniganj,Sandstone (SST)
683,4,9.37788,2.72,119.6,75.4,-2,144.1,SANDSTONE,Raniganj,Sandstone (SST)
683.9,4,9.42396,1.44,211.1,118.8,-1.9,126.3,SANDSTONE,Raniganj,Sandstone (SST)
684.22,4,9.42396,2.37,167.8,89.3,0.2,179,SHALE,Raniganj,Grey Shale
686,4,9.49309,2.81,124.7,76.1,0.3,148.9,SANDY SHALE,Raniganj,ss
688.05,4,9.49309,2.67,77.7,61.2,-1.5,217.3,SANDY SHALE,Raniganj,ss
688.75,4,9.53917,2.75,86.5,65.3,-1.7,201.2,SANDSTONE,Raniganj,Sandstone (SST)
689,4,9.53917,2.77,88.9,64.4,-1.2,195.1,SANDY SHALE,Raniganj,ss
689.63,4,9.53917,2.04,107.594,83.1985,-2.0003,202.511,SANDSTONE,Raniganj,Sandstone (SST)
690.5,4,9.53917,2.63,108.9,76.4,-1.4,216.9,SANDY SHALE,Raniganj,ss
691.2,4,9.58525,2.73,97.8,64.8,-0.6,91.4,ALT SH/SST,Raniganj,alt
692,4,9.58525,2.73,105.7,70,-0.3,175.9,SHALE,Raniganj,Grey Shale
694.18,4,9.65438,2.76,75.4,60.8,0.2,187.3,SHALE,Raniganj,Grey Shale
695,4,9.65438,2.62,75.9,60.4,0.6,208.2,SANDSTONE,Raniganj,Sandstone (SST)
695.48,4,9.65438,2.93,74.7,60.9,0.5,172.5,SANDY SHALE,Raniganj,ss
697.5,4,9.58525,2.92,96.3,70.7,-1.7,123.7,ALT SH/SST,Raniganj,alt
698,4,9.58525,2.57,90.5,68,-1.8,183.8,SHALE,Raniganj,Grey Shale
698.11,4,9.58525,2.68,86.2,66.9,-1.6,195.1,SHALE,Raniganj,Grey Shale
698.35,4,9.53917,2.58,85.9,62.8,-1.1,212.1,SHALY COAL,Raniganj,coal
698.59,4,9.53917,2.72,92.1,66.4,-1.7,185.5,SANDY SHALE,Raniganj,ss
698.81,4,9.53917,2.75,99.2,73.7,-3.8,164.6,COAL,Raniganj,coal
701,4,9.49309,3.03,165.2,81.4,2.6,194.2,SANDSTONE,Raniganj,Sandstone (SST)
701.95,4,9.49309,2.21,137.218,92.0098,4.5997,182.016,SANDY SHALE,Raniganj,ss
702.51,4,9.49309,2.59,80.7988,58.397,4.80061,217.382,SANDSTONE,Raniganj,Sandstone (SST)
702.82,4,9.49309,2.77,84,65.4,4.8,164.2,SANDY SHALE,Raniganj,ss
702.98,4,9.49309,2.77,82.7,65.2,7.1,150.1,SHALE,Raniganj,Grey Shale
704,4,9.37788,2.78,72.6,60.7,4.6,154.2,SANDSTONE,Raniganj,Sandstone (SST)
704.33,4,9.37788,2.69,72.8,60.9,4.4,191.6,SANDSTONE,Raniganj,Sandstone (SST)
706.67,4,9.21659,1.53,202.6,99.9,2,155.9,SHALE,Raniganj,Grey Shale
707,4,9.21659,2.3,137.2,105.4,1.8,130.2,SANDSTONE,Raniganj,Sandstone (SST)
710,4,9.00922,2.67,67.8,61.4,4,164.2,SANDSTONE,Raniganj,Sandstone (SST)
710.2,4,9.00922,2.75,76.9,62,2.2339,172.3,SHALE,Raniganj,Grey Shale
712.6,4,9.00922,2.68,88.4,60.3,-33.2457,177.7,ALT SH/SST,Raniganj,alt
713,4,9.00922,2.36,143.1,95,-33.2457,255.3,SANDSTONE,Raniganj,Sandstone (SST)
713.31,4,9.00922,2.2,283.8,136,-30.092,235.6,SANDSTONE,Raniganj,Sandstone (SST)
713.86,4,9.00922,2.41,322,133.5,-61.6294,266.447,ALT SH/SST,Raniganj,alt
714.29,4,9.07834,2.09,195.423,68.2158,-70.9108,253.953,SHALE,Raniganj,Grey Shale
714.7,4,9.07834,2.23,112.274,68.1105,-79.9777,257.029,ALT SH/SST,Raniganj,alt
714.95,4,9.07834,2.66991,82.2024,68.1553,-88.4236,258.703,SHALE,Raniganj,Grey Shale
716,4,9.07834,3.04,72.9067,84.304,-66.2991,68.2893,COAL,Raniganj,coal
716.51,4,9.07834,2.77994,88.1009,65.5009,-64.3991,94.9119,COAL,Raniganj,coal
716.62,4,9.07834,2.79,87.0994,64.3997,-66.2003,94.9253,SHALE,Raniganj,Grey Shale
717.34,4,9.12442,2.71,62.3,49.3,-68.1,101.9,ALT SH/SST,Raniganj,alt
718.28,4,9.17051,2.84,56.6,59.4,-68,155,SANDSTONE,Raniganj,Sandstone (SST)
718.65,4,9.17051,2.63,70.7003,60.9009,-67.5994,218.217,ALT SH/SST,Raniganj,alt
719,4,9.17051,2.71,76.9009,62.4006,-68.1994,189.489,SHALE,Raniganj,Grey Shale
719.42,4,9.17051,2.73,77.7997,63.3988,-67.9003,191.217,SHALE,Raniganj,Grey Shale
719.65,4,5.08,2.71,77.5003,62.5,-67.7997,184.213,SANDSTONE,Raniganj,Sandstone (SST)
719.83,4,9.07834,2.74,79.5,62.3,-66.5,170.7,SHALE,Raniganj,Grey Shale
720.65,4,9.07834,2.71,81.2003,62.7994,-65.7997,179.896,SANDY SHALE,Raniganj,ss
721.15,4,9.07834,2.86,92.1988,75.0058,-65.3988,106.677,ALT SH/SST,Raniganj,alt
722,4,9.07834,2.64,75.5009,63.6009,-68.3,209.524,SANDSTONE,Raniganj,Sandstone (SST)
723.57,4,8.91705,1.28021,178.667,108.288,-66.1018,129.843,SANDSTONE,Raniganj,Sandstone (SST)
724.35,4,8.91705,1.42,428.552,168.893,-61.5985,111.047,SANDY SHALE,Raniganj,ss
724.88,4,8.91705,2.46,130.5,82.4,-51,227.4,SHALE,Raniganj,Grey Shale
725,4,8.87097,1.93,102.592,75.7948,-57.3009,247.76,SANDSTONE,Raniganj,Sandstone (SST)
727.1,4,8.80184,2.73,68,56.0991,-64.3009,185.519,SHALE,Raniganj,Grey Shale
727.56,4,8.80184,2.67,63.0973,54.9003,-63.7006,238.315,SANDY SHALE,Raniganj,ss
728,4,8.80184,2.71,58.6003,57.3003,-65.4994,207.259,SANDSTONE,Raniganj,Sandstone (SST)
728.78,4,8.70968,2.67,55.1,52.5,-64.7,190.8,SANDSTONE,Raniganj,Sandstone (SST)
731,4,8.70968,2.67,56.4979,44.6982,-73.3009,115.796,SHALE,Raniganj,Grey Shale
733.26,4,8.70968,2.49,157.4,95.6,-70.5,193.8,SHALE,Raniganj,Grey Shale
734,4,8.70968,2.42,301.01,127.604,-58.3012,181.208,COAL,Raniganj,coal
735.33,4,8.80184,2.67,156.4,88.2,-71.1,206.4,COAL,Raniganj,coal
736.55,4,8.80184,2.64,111.405,74.5994,-72,164.189,SANDY SHALE,Raniganj,ss
737,4,8.87097,2.47,131.102,81.0021,-68.6003,196.419,SANDSTONE,Raniganj,Sandstone (SST)
740,4,8.87097,2.55,199.897,101.599,-74.8009,201.692,SANDSTONE,Raniganj,Sandstone (SST)
740.92,4,8.87097,2.29,213.218,105.104,-74.8,256.577,SANDSTONE,Raniganj,Sandstone (SST)
741.72,4,8.87097,1.11,498.428,159.804,-82.5024,100.112,SANDY SHALE,Raniganj,ss
742.5,4,8.87097,1.71,686.305,189.597,-82.8003,96.6146,SANDSTONE,Raniganj,Sandstone (SST)
743,4,8.87097,1.13,786.699,191.102,-72.1015,58.2948,SHALE,Raniganj,Grey Shale
743.65,4,8.87097,2.02,154.969,90.1802,-72.2991,189.538,SANDSTONE,Raniganj,Sandstone (SST)
744.67,4,8.87097,2.68,45.0994,41.6006,-69.2991,235.179,SANDY SHALE,Raniganj,ss
745.11,4,8.87097,2.82,41.6994,43.8994,-71.0003,176.387,SHALE,Raniganj,Grey Shale
745.75,4,8.87097,2.67,35.4,36.4,-71.5,224.7,SANDSTONE,Raniganj,Sandstone (SST)
746,4,8.87097,2.8,36.3,36.3,-69.7997,185.101,SHALE,Raniganj,Grey Shale
747.02,4,8.87097,2.61994,38.5,39.4006,-86.2964,144.08,SANDSTONE,Raniganj,Sandstone (SST)
747.39,4,8.91705,2.89,39.4,45.8,-78.9,131.9,SANDY SHALE,Raniganj,ss
747.69,4,8.91705,2.61,45.1,39.6,-79.7,158.5,SHALE,Raniganj,Grey Shale
748.09,4,8.91705,2.83,57.1049,59.503,-78.6006,85.2909,SANDY SHALE,Raniganj,ss
749,4,8.91705,2.67,53.0973,48.5979,-73.8024,78.3186,SANDSTONE,Raniganj,Sandstone (SST)
750.1,4,9.00922,2.62,43.8976,50.8994,-81.4973,226.924,SANDSTONE,Raniganj,Sandstone (SST)
750.76,4,9.00922,2.89,54.9,55.1,-88.2,85.8,SANDY SHALE,Raniganj,ss
752,4,9.07834,2.69,51.1006,49.0003,-80.1976,208.184,SANDSTONE,Raniganj,Sandstone (SST)
753,4,9.07834,2.73,39.4982,48.2985,-76.3003,185.092,SANDSTONE,Raniganj,Sandstone (SST)
753.6,4,9.07834,2.08,37.8,26.4003,-77.3997,186.803,SHALE,Raniganj,Grey Shale
753.98,4,9.07834,2.71,37.8988,29.7021,-79.6003,191.188,SANDY SHALE,Raniganj,ss
755,4,9.12442,2.28,35.8009,29.6982,-86.8982,101.938,SANDSTONE,Raniganj,Sandstone (SST)
757.5,4,9.17051,2.65,66.2012,57.1003,-92.6933,199.897,SANDSTONE,Raniganj,Sandstone (SST)
758,4,9.17051,2.65,68.1997,58.0997,-96.0969,175.915,COAL,Raniganj,coal
758.8,4,9.28571,2.72,76.4015,57.9997,-88.9994,174.203,COAL,Raniganj,coal
760.6,4,9.42396,2.49,75.2997,58.6963,-94.2021,122.391,SHALE,Raniganj,Grey Shale
761,4,9.53917,2.7,70.6973,55.1034,-95.8003,99.6787,SANDY SHALE,Raniganj,ss
762.63,4,9.70046,2.67,80.4,65.1,-87.6,225.6,ALT SH/SST,Raniganj,alt
763.18,4,9.74654,2.75,58.1,49.0988,-89.5009,140.207,SANDY SHALE,Raniganj,ss
763.28,4,9.79263,2.78,57.7,47.7,-89.2,152,SHALE,Raniganj,Grey Shale
763.43,4,9.79263,2.72,56.5,47.2,-85.8,133.7,COAL,Raniganj,coal
763.73,4,9.79263,2.75,53.5988,45.4994,-92.1982,139.288,SANDY SHALE,Raniganj,ss
764,4,9.79263,2.69,49.3997,45.9,-89.2012,137.621,SANDSTONE,Raniganj,Sandstone (SST)
767,4,9.90783,2.6,462.1,155.7,-100.4,61.4,SANDSTONE,Raniganj,Sandstone (SST)
767.64,4,9.90783,2.57,246,132.9,-99.4,152,SANDSTONE,Raniganj,Sandstone (SST)
768.54,4,9.90783,2.58,73.1012,56.8994,-108.595,219.484,SANDY SHALE,Raniganj,ss
769.42,4,9.90783,2.55,66.5021,58.0985,-97.2982,257.004,SHALE,Raniganj,Grey Shale
770,4,9.90783,2.58,70.4,54.9,-88.9,214.7,SANDY SHALE,Raniganj,ss
770.5,4,9.74654,2.56,68,53.6,-87.4,217.8,SANDY SHALE,Raniganj,ss
770.74,4,9.74654,2.58,64.1997,53.1,-100.302,216.482,SANDSTONE,Raniganj,Sandstone (SST)
771.34,4,9.70046,2.55,64.1,51.4,-90.7,200.3,SANDY SHALE,Raniganj,ss
771.5,4,9.70046,2.59,67.3,51.2,-94.4,232.6,COAL,Raniganj,coal
773,4,9.58525,2.61,71.1,51.3,-117.3,147.6,SANDSTONE,Raniganj,Sandstone (SST)
774.6,4,9.53917,2.58,52.2006,47.4015,-103.294,186.016,SANDSTONE,Raniganj,Sandstone (SST)
774.7,4,9.53917,2.58,53.1,50,-93.2,181.3,SHALE,Raniganj,Grey Shale
775.37,4,9.1687,2.59,66.6,55.4,-97.8,107.8,SANDSTONE,Raniganj,Sandstone (SST)
775.62,4,9.0709,2.59,70.7012,55.2018,-96.7034,119.699,SANDY SHALE,Raniganj,ss
776,4,8.85086,2.57,95.3,69.9,-106.7,102.3,SHALE,Raniganj,Grey Shale
776.22,4,8.72861,2.59,91.1963,69.6994,-91.5988,99.7107,SHALE,Raniganj,Grey Shale
776.66,4,8.50856,2.57,67.0973,51.5976,-84.5009,183.383,SANDSTONE,Raniganj,Sandstone (SST)
777.02,4,8.72861,2.59003,56.4,50.3988,-100.093,204.709,SHALE,Raniganj,Grey Shale
778.02,4,7.79951,2.58403,64.3985,52.9,-91.0994,226.109,SANDY SHALE,Raniganj,ss
779,4,7.18826,2.57688,84.5,64.5,-122.7,206.6,ALT SH/SST,Raniganj,alt
779.54,4,6.23472,2.60906,75.4976,59.5024,-123.195,175.392,SANDY SHALE,Raniganj,ss
779.68,4,6.01467,2.61621,72.5003,65,-116.604,132.411,SANDSTONE,Raniganj,Sandstone (SST)
779.9,4,5.84352,2.59833,81.8,56.5,-129.7,180.7,SHALY COAL,Raniganj,coal
782,4,5.669,2.876,82.7,59.1,-80.2,199.3,SANDSTONE,Raniganj,Sandstone (SST)
782.9,4,5.6649,2.928,72.1,56.2,-74.8,227.4,SANDSTONE,Raniganj,Sandstone (SST)
783,4,5.666,2.898,72.3,57.6,-71,206.4,SHALE,Raniganj,Grey Shale
785,4,5.6649,2.94,76.1,54.2,-79.4,240.4,SANDSTONE,Raniganj,Sandstone (SST)
785.34,4,5.6649,2.977,72.6,63.6,-62.7,230.3,SANDSTONE,Raniganj,Sandstone (SST)
788,4,5.664,2.945,66.8,52,-59.6,233.9,SANDSTONE,Raniganj,Sandstone (SST)
790.3,4,5.664,2.851,88.7991,64.6,-100.999,152.609,SHALE,Raniganj,Grey Shale
791,4,5.6649,2.85,77.6,59.5,-96.8,216,SANDSTONE,Raniganj,Sandstone (SST)
791.32,4,5.665,3.038,75,60.5,-92.2,206,CARB SHALE,Raniganj,Carb Shale
791.75,4,5.664,2.677,70.2,55.9,-93.6,215.6,SHALE,Raniganj,Grey Shale
792.7,4,5.664,2.831,75.2,59.6,-82.8,188,ALT SH/SST,Raniganj,alt
794,4,5.6639,2.993,80.7,62.9,-73.8,198.8,SANDSTONE,Raniganj,Sandstone (SST)
795.5,4,5.6641,2.962,105.5,67.5,-98.3,111.3,SANDSTONE,Raniganj,Sandstone (SST)
796.23,4,5.664,2.478,74.6963,52.0985,-113.004,130.501,SHALE,Raniganj,Grey Shale
796.65,4,5.6649,2.70901,65.3994,49.0997,-102.9,117.109,ALT SH/SST,Raniganj,alt
797,4,5.6649,2.768,69.4,52.6,-101.5,123.5,SHALE,Raniganj,Grey Shale
797.63,4,5.664,2.856,65.7,66.1033,-93.3021,190.179,SHALE,Raniganj,Grey Shale
797.78,4,5.6639,2.798,72.1,57.8,-98.1,209.6,SANDSTONE,Raniganj,Sandstone (SST)
799.33,4,5.6639,2.818,90.5,64.3,-111.4,220.2,SANDY SHALE,Raniganj,ss
799.67,4,5.664,2.831,93.5018,69,-106.203,216.793,SANDSTONE,Raniganj,Sandstone (SST)
799.82,4,5.6631,2.812,96.2,69,-109.9,198.2,SANDSTONE,Raniganj,Sandstone (SST)
800,4,5.665,2.832,85.479,70.6,-104.6,153.7,SANDY SHALE,Raniganj,ss
801.4,4,5.6639,2.866,66.6168,55.4,-129.1,211.5,SANDY SHALE,Raniganj,ss
801.6,4,5.6631,2.923,61.3772,53.6994,-136.5,191.311,SANDSTONE,Raniganj,Sandstone (SST)
802,4,5.664,2.941,61.3772,49.2,-137.7,194.1,SHALE,Raniganj,Grey Shale
803,4,5.664,2.913,70.8084,47.2,-146.9,67.7,SANDY SHALE,Raniganj,ss
806,4,5.6641,2.849,43.5319,44,-107.4,125.3,SANDY SHALE,Raniganj,ss
806.1,4,5.662,2.843,44.8891,48.0049,-103.505,130.599,SHALE,Raniganj,Grey Shale
809,4,5.662,2.737,52.3369,55.6886,-128.8,133.7,SANDSTONE,Raniganj,Sandstone (SST)
811.43,4,5.6631,2.773,61.648,74.8503,-133.4,137.6,SANDSTONE,Raniganj,Sandstone (SST)
812,4,5.664,2.843,52.3369,68.2635,-135.2,137.6,SANDSTONE,Raniganj,Sandstone (SST)
813.9,4,5.663,2.843,52.3369,58.6826,-155.9,121,SANDSTONE,Raniganj,Sandstone (SST)
814.33,4,5.662,2.821,53.9686,51.497,-155.4,135.4,SANDY SHALE,Raniganj,ss
815,4,5.6629,2.838,46.7648,62.8743,-145.6,137.6,SANDSTONE,Raniganj,Sandstone (SST)
815.61,4,5.6629,2.871,57.9765,62.8743,-132.6,138.8,SANDSTONE,Raniganj,Sandstone (SST)
818,4,5.662,2.908,51.2766,55.2632,-15.4994,114.104,SANDSTONE,Raniganj,Sandstone (SST)
818.85,4,5.662,2.929,39.7016,38.9474,-56.203,144.465,SANDSTONE,Raniganj,Sandstone (SST)
821,4,5.6621,3.069,44.8891,45.7895,-26.4985,110.402,SANDSTONE,Raniganj,Sandstone (SST)
824,4,5.6619,2.851,49.2199,61.5789,-36.3985,123.598,ALT SH/SST,Raniganj,alt
827,4,5.6581,2.807,46.7648,40,15.5988,59.5887,ALT SH/SST,Raniganj,alt
829.4,4,5.6569,2.899,26.9103,67.3684,-27,111.8,SANDSTONE,Raniganj,Sandstone (SST)
830,4,5.658,2.782,42.65,52.1053,-47.8027,60.4832,SANDSTONE,Raniganj,Sandstone (SST)
832.7,4,5.658,2.975,45.8174,52.1053,-0.8,112.7,SANDSTONE,Raniganj,Sandstone (SST)
833,4,5.6581,2.937,49.2199,66.3158,-3.09817,137.203,SANDSTONE,Raniganj,Sandstone (SST)
834.15,4,5.6571,2.821,38.1092,45.7895,-0.603963,111.779,SANDY SHALE,Raniganj,ss
834.8,4,5.6591,2.865,36.2083,44.7368,17.803,100.41,SANDSTONE,Raniganj,Sandstone (SST)
836,4,5.6571,2.797,49.2199,53.1579,18.0991,131.302,ALT SH/SST,Raniganj,alt
837.76,4,5.6561,2.876,47.7318,54.2105,-8.4,47.3,SANDSTONE,Raniganj,Sandstone (SST)
839,4,5.658,2.914,43.5319,47.3684,8.80061,51.8832,ALT SH/SST,Raniganj,alt
840.2,4,5.658,2.898,49.2199,45.7895,4.8,87.7,ALT SH/SST,Raniganj,alt
842,4,5.658,2.95,38.1092,45.7895,-25.7985,117.224,SANDSTONE,Raniganj,Sandstone (SST)
843.52,4,5.651,2.826,31.6979,24.7368,-10,128.6,ALT SH/SST,Raniganj,alt
845,4,5.6499,3.085,35.4747,40,17.8003,81.8305,SANDSTONE,Raniganj,Sandstone (SST)
845.88,4,5.6511,2.913,46.7648,52.1053,26.2012,134.896,SANDSTONE,Raniganj,Sandstone (SST)
848,4,5.6502,2.88,32.3533,41.0526,15.2997,134.885,ALT SH/SST,Raniganj,alt
851,4,5.6404,2.84,38.8973,35.2632,10.7997,105.915,ALT SH/SST,Raniganj,alt
854,4,5.6404,2.859,26.9103,41.0526,-9.30031,100.417,ALT SH/SST,Raniganj,alt
855.25,4,5.6404,2.871,35.4747,36.3158,-78.2,122.7,SANDY SHALE,Raniganj,ss
857,4,5.6413,2.977,30.7395,32.6316,-11.3003,132.202,SANDSTONE,Raniganj,Sandstone (SST)
858.62,4,5.6385,2.937,22.8459,27.8947,-10.1945,114.486,SANDSTONE,Raniganj,Sandstone (SST)
860,4,5.6412,2.795,28.0347,24.7368,24.6003,142.707,SANDY SHALE,Raniganj,ss
863,4,5.6414,2.826,34.756,30.5263,-9.79482,144.003,SANDY SHALE,Raniganj,ss
863.55,4,5.6414,2.828,27.4668,26.8421,-24.011,114.484,SANDY SHALE,Raniganj,ss
866,4,5.6403,3.081,26.9103,17.3684,-17.6997,74.0863,SANDSTONE,Raniganj,Sandstone (SST)
868.1,4,5.6363,2.924,30.1167,30.5263,-28.1951,146.821,SANDSTONE,Raniganj,Sandstone (SST)
869,4,5.6362,2.956,30.7395,30.5263,0.701219,142.693,SANDSTONE,Raniganj,Sandstone (SST)
869.63,4,5.6373,2.90793,27.4668,32.6316,7.70122,159.028,SANDSTONE,Raniganj,Sandstone (SST)
872,4,5.6311,2.811,43.5319,41.0526,17.0003,55.0027,SANDY SHALE,Raniganj,ss
872.86,4,5.6307,2.969,35.4747,35.2632,9.59848,70.5165,SANDSTONE,Raniganj,Sandstone (SST)
873.26,4,5.6311,2.792,34.756,35.2632,8.1,51.4,SANDSTONE,Raniganj,Sandstone (SST)
875,4,5.6307,2.881,40.9394,42.6316,13.5009,85.893,SANDSTONE,Raniganj,Sandstone (SST)
875.4,4,5.6254,2.863,34.756,40,16.2,104.1,SANDSTONE,Raniganj,Sandstone (SST)
877.75,4,5.626,2.781,30.1167,30.5263,-13.1,140.8,ALT SH/SST,Raniganj,alt
878,4,5.626,2.812,32.3533,32.6316,-11.4991,139.518,SANDY SHALE,Raniganj,ss
880.32,4,5.6264,2.841,35.4747,29.4737,-46.5,36,SANDY SHALE,Raniganj,ss
881,4,5.6249,2.953,28.0347,31.5789,-24.9957,104.522,SANDSTONE,Barren Measures,Sandstone (SST)
884,4,5.625,2.872,38.1092,38.9474,4.40122,149.479,ALT SH/SST,Barren Measures,alt
887,4,5.6162,2.804,57.9765,62.6316,-2.89787,161.684,ALT SH/SST,Barren Measures,alt
888.5,4,5.6157,2.813,36.2083,37.8947,-53.4091,135.393,ALT SH/SST,Barren Measures,alt
889,4,5.6168,2.808,33.0223,38.9474,-89.4067,69.125,SANDY SHALE,Barren Measures,ss
890,4,5.6173,3.115,40.9394,54.2105,-21.8997,121.313,SANDSTONE,Barren Measures,Sandstone (SST)
890.25,4,5.6173,3.037,41.7859,57.8947,-19.6,132.7,SANDSTONE,Barren Measures,Sandstone (SST)
892.35,4,5.6168,2.763,37.3371,44.7368,-18.297,154,ALT SH/SST,Barren Measures,alt
893,4,5.6173,2.797,38.1092,45.7895,-4.9,148.111,SANDY SHALE,Barren Measures,ss
893.85,4,5.6168,2.971,41.7859,56.8421,-13.8037,145.814,SANDSTONE,Barren Measures,Sandstone (SST)
894.21,4,5.6157,2.95902,44.8891,63.6842,-30.3997,167.611,SANDY SHALE,Barren Measures,ss
895.21,4,5.6162,2.91599,63.57,62.6316,-37.0034,131.333,SANDSTONE,Barren Measures,Sandstone (SST)
896,4,5.6147,2.807,51.2766,56.8421,-13.5991,157.611,ALT SH/SST,Barren Measures,alt
897.84,4,5.6152,2.845,51.2766,48.4211,-83.8,25.5,ALT SH/SST,Barren Measures,alt
899,4,5.6162,2.836,50.2377,57.8947,-182.798,129.52,SANDY SHALE,Barren Measures,ss
901,4,5.6091,2.95,46.7648,48.4211,-119,113.203,SANDSTONE,Barren Measures,Sandstone (SST)
902,4,5.6075,2.778,56.2236,55.2632,-131.001,65.0402,ALT SH/SST,Barren Measures,alt
903.2,4,5.6051,2.82301,57.9765,70,-88.9018,77.2945,SANDY SHALE,Barren Measures,ss
903.34,4,5.601,2.827,61.648,70,-89.2988,65.5,SANDSTONE,Barren Measures,Sandstone (SST)
903.76,4,5.5994,2.842,64.8845,70,-98.8991,157.6,SANDY SHALE,Barren Measures,ss
905,4,5.5919,2.85,46.7648,52.1053,-94.8006,126.844,ALT SH/SST,Barren Measures,alt
907.2,4,5.5919,2.86299,46.7648,50.5263,-171,134.014,ALT SH/SST,Barren Measures,alt
908,4,5.5917,2.832,53.9686,43.6842,-169.399,134.009,SANDY SHALE,Barren Measures,ss
911,4,5.5909,2.723,66.2262,58.9474,-51.296,126.29,SANDY SHALE,Barren Measures,ss
914,4,5.5898,2.821,54.0419,75.7895,101.6,125.912,SANDY SHALE,Barren Measures,ss
916.45,4,5.5828,2.621,42.515,62.6316,81.8003,150.821,SANDY SHALE,Barren Measures,ss
917,4,5.5838,2.796,38.3234,75.7895,82.8,150.817,SANDSTONE,Barren Measures,Sandstone (SST)
917.77,4,5.5829,2.752,42.515,74.7368,86.6997,165.779,SANDSTONE,Barren Measures,Sandstone (SST)
919.62,4,5.5838,2.64,47.7545,73.1579,77.3009,157.628,ALT SH/SST,Barren Measures,alt
920,4,5.5828,2.669,40.4192,73.1579,79.6994,195.321,SANDSTONE,Barren Measures,Sandstone (SST)
923,4,5.5696,2.592,25.05,73.1579,76.5003,175.802,SANDSTONE,Barren Measures,Sandstone (SST)
926,4,5.5696,2.607,40.9394,63.57,96.2991,234.795,SANDSTONE,Barren Measures,Sandstone (SST)
929,4,5.5706,2.583,169.597,156.396,102.5,216.255,SANDSTONE,Barren Measures,Sandstone (SST)
929.75,4,5.5706,2.585,197.601,173.5,102.9,224.85,SANDSTONE,Barren Measures,Sandstone (SST)
930.2,4,5.5705,2.62204,185.904,167.901,103.599,198.511,SANDSTONE,Barren Measures,Sandstone (SST)
932,4,5.5705,2.617,168.9,153.199,100.901,151.341,SANDSTONE,Barren Measures,Sandstone (SST)
935,4,5.5695,2.681,178.701,153.4,112.2,219.9,SANDSTONE,Barren Measures,Sandstone (SST)
938,4,5.5696,2.638,172.3,146.699,103.801,201.21,SANDSTONE,Barren Measures,Sandstone (SST)
941,4,5.5696,2.594,191.101,182.005,92.5003,99.4695,SANDSTONE,Barren Measures,Sandstone (SST)
942.85,4,5.5695,2.50733,143.8,126.2,100.9,171.3,SANDSTONE,Barren Measures,Sandstone (SST)
943.75,4,6.1144,2.51834,110.102,119.998,111.899,185.275,SANDSTONE,Barren Measures,Sandstone (SST)
944,4,6.90335,2.50733,114.198,123,113.001,197.585,SANDSTONE,Barren Measures,Sandstone (SST)
946.26,4,7.5601,2.506,144.802,140.6,92.2003,189.914,SANDSTONE,Barren Measures,Sandstone (SST)
947,4,7.6179,2.462,148.399,135.999,93.2003,178.141,SANDSTONE,Barren Measures,Sandstone (SST)
948.65,4,7.4871,2.353,163.5,147.5,91.3,216.7,SANDSTONE,Barren Measures,Sandstone (SST)
950,4,7.5646,2.438,161.601,145.1,91.1,221.679,SANDSTONE,Barren Measures,Sandstone (SST)
950.27,4,7.5844,2.466,160.999,145.2,90.8,229.795,SANDSTONE,Barren Measures,Sandstone (SST)
950.75,4,7.527,2.466,169.4,148.2,90.6,239.802,SANDSTONE,Barren Measures,Sandstone (SST)
951.73,4,7.5269,2.45595,167.8,150.1,90.5,227.1,SANDSTONE,Barren Measures,Sandstone (SST)
952.82,4,7.5296,2.444,151.401,140.5,91.1003,263.011,SANDSTONE,Barren Measures,Sandstone (SST)
953,4,7.5311,2.471,148.302,140.4,90.8,212.619,SANDSTONE,Barren Measures,Sandstone (SST)
953.94,4,7.5818,2.481,138.101,124.502,90.4,162.211,SANDSTONE,Barren Measures,Sandstone (SST)
956,4,7.5819,2.446,143.903,142.399,89.7997,241.19,SANDSTONE,Barren Measures,Sandstone (SST)
957.54,4,7.5193,2.482,125.4,117,89.3,165.4,SANDSTONE,Barren Measures,Sandstone (SST)
959,4,7.5678,2.455,134.606,131.799,90,152.23,SANDSTONE,Barren Measures,Sandstone (SST)
959.42,4,7.5828,2.449,112,112.7,91,248,SANDSTONE,Barren Measures,Sandstone (SST)
962,4,7.6327,2.488,106.698,118.396,90.1997,97.7277,SANDSTONE,Barren Measures,Sandstone (SST)
965,4,7.7551,2.452,124.599,129.999,86.9,183.983,SANDSTONE,Barren Measures,Sandstone (SST)
968,4,7.7316,2.466,125.807,138.203,88.9,242.578,SANDSTONE,Barren Measures,Sandstone (SST)
969,4,7.6527,2.388,130.197,124.286,87.9,123.986,SANDY SHALE,Barren Measures,ss
971,4,7.5885,2.409,110.099,119.199,86.5997,211.715,SANDSTONE,Barren Measures,Sandstone (SST)
972.7,4,7.5089,2.39002,149.998,140.003,86.7,178.1,ALT SH/SST,Barren Measures,alt
974,4,7.532,2.442,182.099,164.998,87.0997,161.279,SANDSTONE,Barren Measures,Sandstone (SST)
976.07,4,7.5291,2.448,202.001,164.999,89.1,179.941,ALT SH/SST,Barren Measures,alt
976.67,4,7.5265,2.47602,215.898,172.701,89.4,210.775,SANDSTONE,Barren Measures,Sandstone (SST)
977,4,7.5319,2.562,221.298,174.9,89.5,209.936,SANDSTONE,Barren Measures,Sandstone (SST)
979.7,4,7.5539,2.44401,147.206,121.304,115.099,293.883,SANDSTONE,Barren Measures,Sandstone (SST)
980,4,7.5254,2.408,139.501,119.897,115.3,289.743,SANDSTONE,Barren Measures,Sandstone (SST)
980.9,4,7.4866,2.404,222.486,195.993,115,194.022,SANDSTONE,Barren Measures,Sandstone (SST)
983,4,7.4867,2.474,172.804,150.898,87.6997,244.405,SANDSTONE,Barren Measures,Sandstone (SST)
983.9,4,7.5734,2.516,140.899,126.103,87.9,240.721,SANDSTONE,Barren Measures,Sandstone (SST)
986,4,7.6703,2.421,147.699,146.196,87.9,194.893,SANDSTONE,Barren Measures,Sandstone (SST)
988.05,4,7.5984,2.45203,135.1,130.498,88.1,185.327,SANDSTONE,Barren Measures,Sandstone (SST)
989,4,7.5538,2.461,117.602,122.001,86.6003,143.085,SANDSTONE,Barren Measures,Sandstone (SST)
989.6,4,7.52739,2.46401,117.1,123.3,86.9,172.6,SANDSTONE,Barren Measures,Sandstone (SST)
990.4,4,7.481,2.422,120.299,120.101,86.6003,172.636,SANDSTONE,Barren Measures,Sandstone (SST)
992,4,7.4865,2.294,98.8058,117.8,87.4,256.196,SANDSTONE,Barren Measures,Sandstone (SST)
994.4,4,7.567,2.5,89.1003,104.501,85.4003,64.9902,SANDSTONE,Barren Measures,Sandstone (SST)
995,4,7.5768,2.468,89.2997,98.9006,84.8,95.8832,SANDSTONE,Barren Measures,Sandstone (SST)
995.7,4,7.5394,2.39802,95.6024,120.585,85.4988,172.6,SANDSTONE,Barren Measures,Sandstone (SST)
998,4,7.5206,2.574,166.099,154.5,86.7,209.898,SANDSTONE,Barren Measures,Sandstone (SST)
1000.17,4,7.5035,2.33605,98.1006,94.7979,84.2997,170.419,SANDSTONE,Barren Measures,Sandstone (SST)
1001,4,7.5408,2.469,110.4,120.098,85.5,178.996,SANDSTONE,Barren Measures,Sandstone (SST)
1004,4,7.6646,2.482,131.501,131.1,86.2,43.6887,SANDSTONE,Barren Measures,Sandstone (SST)
1005.6,4,7.5723,2.35205,132.7,138.1,87.1,70.9,SANDSTONE,Barren Measures,Sandstone (SST)
1007,4,7.6177,2.467,97.6009,111.103,86.6,191.296,SANDSTONE,Barren Measures,Sandstone (SST)
1009.65,4,7.62471,2.48203,215.1,241.4,87.4,52.8,SANDSTONE,Barren Measures,Sandstone (SST)
1010,4,7.6732,2.475,147.311,131.321,86.1003,94.986,SANDSTONE,Barren Measures,Sandstone (SST)
1012.6,4,7.6573,2.41298,133.9,126.9,88.4,151.7,ALT SH/SST,Barren Measures,alt
1013,4,7.6711,2.467,118.702,119.899,88.5,175.396,SANDSTONE,Barren Measures,Sandstone (SST)
1014.5,4,7.606,2.344,118.398,113.702,87.7,157.222,SANDSTONE,Barren Measures,Sandstone (SST)
1016,4,7.5571,2.396,151.298,140.199,88.2,211.674,ALT SH/SST,Barren Measures,alt
1017.55,4,7.5635,2.47702,155.306,130.805,87.5994,160.839,ALT SH/SST,Barren Measures,alt
1018.7,4,7.5666,2.401,87.5037,106.995,89.8,175.372,SANDSTONE,Barren Measures,Sandstone (SST)
1019,4,7.5668,2.381,97.0969,96.204,88.8,150.398,SANDY SHALE,Barren Measures,ss
1019.75,4,7.5676,2.45501,98.2994,112.293,89.6006,145.477,SANDY SHALE,Barren Measures,ss
1022,4,7.5828,2.451,148.096,141.699,90.3,239.75,SANDSTONE,Barren Measures,Sandstone (SST)
1025,4,7.5503,2.447,172,141,88.8,156.7,SANDSTONE,Barren Measures,Sandstone (SST)
1025.3,4,7.6355,2.367,182.599,143.991,88.9,194.389,SANDSTONE,Barren Measures,Sandstone (SST)
1028,4,7.5983,2.366,227.5,192.8,90.2,229.8,SANDSTONE,Barren Measures,Sandstone (SST)
1028.8,4,7.6023,2.435,155.315,124.003,88.0006,116.789,SANDSTONE,Barren Measures,Sandstone (SST)
1031,4,7.5908,2.412,147.6,140.3,88.5,255.3,SANDSTONE,Barren Measures,Sandstone (SST)
1033.1,4,7.5458,2.458,126,128.9,88.4,189.9,SANDSTONE,Barren Measures,Sandstone (SST)
1034,4,7.5965,2.335,119.7,134.9,88.6,192.2,SANDSTONE,Barren Measures,Sandstone (SST)
1037,4,7.7572,2.444,104.3,99.7,89.1,105,SANDSTONE,Barren Measures,Sandstone (SST)
1038.38,4,7.8127,2.439,145,141.1,89.4,188.5,SANDSTONE,Barren Measures,Sandstone (SST)
1039.03,4,7.7042,2.393,150.391,136.905,88.7012,194.384,SANDY SHALE,Barren Measures,ss
1039.46,4,7.6161,2.45495,157.4,142.9,91.8,180.8,SANDSTONE,Barren Measures,Sandstone (SST)
1040,4,7.6477,2.443,169.2,150.7,89.8,201.2,SANDY SHALE,Barren Measures,ss
1043,4,7.8791,2.424,86.2,98.8,91.2,239.8,SANDSTONE,Barren Measures,Sandstone (SST)
1044,4,7.8526,1.994,94.7,106.2,89.1,238.9,SANDSTONE,Barren Measures,Sandstone (SST)
1044.2,4,7.83669,2.10813,87.8,93.5,88,204.4,SHALY COAL,Barren Measures,coal
1046,4,7.7161,2.349,139.8,108.2,88.5,189.4,SANDY SHALE,Barren Measures,ss
1048.12,4,7.551,2.395,109.4,95.7,91.8,232.1,SANDY SHALE,Barren Measures,ss
1049,4,7.4453,2.525,95.6,103.2,91.5,189,SANDSTONE,Barren Measures,Sandstone (SST)
1052,4,7.4517,2.447,106.4,115.6,90.7,221.2,SANDSTONE,Barren Measures,Sandstone (SST)
1055,4,7.4836,2.483,185,154.3,90.1,240.7,SANDSTONE,Barren Measures,Sandstone (SST)
1055.82,4,9.05633,2.08195,233.9,163.2,89.6,218.9,SANDSTONE,Barren Measures,Sandstone (SST)
1058,4,7.7615,2.38,122.5,128.8,89.5,269.3,SANDY SHALE,Barren Measures,ss
1059.85,4,7.6446,2.472,129.7,131.7,90.1,236.7,SANDY SHALE,Barren Measures,ss
1061,4,7.6613,2.457,97.4,102.2,90.8,108.2,SANDSTONE,Barren Measures,Sandstone (SST)
1064,4,7.6097,2.4,83.8,95,84.9,142.7,SANDSTONE,Barren Measures,Sandstone (SST)
1065.7,4,7.54211,2.41401,98.7,101.6,84.2,73.6,SANDY SHALE,Barren Measures,ss
1067,4,7.5708,2.463,131.6,131.2,83.9,68.2,SANDSTONE,Barren Measures,Sandstone (SST)
1067.26,4,7.6014,2.399,132.9,131,84.9,71.4,SANDSTONE,Barren Measures,Sandstone (SST)
1069.16,4,7.5161,2.409,127.596,104.292,88.7982,234.83,SANDY SHALE,Barren Measures,ss
1070,4,7.5351,2.401,150.3,142.9,86.1,224.9,SANDSTONE,Barren Measures,Sandstone (SST)
1071.8,4,7.5511,2.478,96.0988,102.676,85.5994,296.105,SANDSTONE,Barren Measures,Sandstone (SST)
1073,4,7.6613,2.457,140.6,130.5,85,174,SANDSTONE,Barren Measures,Sandstone (SST)
1076,4,7.8639,2.389,122.4,132.6,81.1,232.1,ALT SH/SST,Barren Measures,alt
1077.8,4,7.8268,2.384,95.3969,71.9152,69.0024,262.534,ALT SH/SST,Barren Measures,alt
1079,4,7.9846,2.4,121.8,119.4,82.2,77.7,SANDY SHALE,Barren Measures,ss
1081,4,7.6739,2.266,278,208.1,84.4,270.3,SANDY SHALE,Barren Measures,ss
1082,4,7.6207,2.448,164.9,134.1,84.5,153.6,SANDSTONE,Barren Measures,Sandstone (SST)
1082.5,4,7.5871,2.426,162.1,158.7,84.2,178.1,SANDY SHALE,Barren Measures,ss
1082.68,4,7.6807,2.462,158.402,162.607,83.9006,211.228,SANDSTONE,Barren Measures,Sandstone (SST)
1083.23,4,7.5798,2.434,144.8,125.6,83.4,192.6,SANDSTONE,Barren Measures,Sandstone (SST)
1083.65,4,7.6104,2.468,161.195,130.894,83.3994,137.186,SANDSTONE,Barren Measures,Sandstone (SST)
1085,4,7.6736,2.434,363.9,230.7,83.6,122.7,ALT SH/SST,Barren Measures,alt
1087.75,4,7.5705,2.452,345.4,227.5,84.9,263,ALT SH/SST,Barren Measures,alt
1088,4,7.5766,2.414,339.2,219.9,84.8,242.1,SANDSTONE,Barren Measures,Sandstone (SST)
1088.3,4,7.5776,2.419,326.021,220.701,84.4006,240.261,SANDSTONE,Barren Measures,Sandstone (SST)
1089.65,4,7.4442,2.263,241.503,184.705,84.5,211.162,SANDY SHALE,Barren Measures,ss
1091,4,7.4111,2.404,117.4,103.4,82.3,199.4,SANDSTONE,Barren Measures,Sandstone (SST)
1094,4,7.4491,2.406,92.9,93.8,84.3,231.2,SANDSTONE,Barren Measures,Sandstone (SST)
1097,4,7.59,2.434,180.1,146.7,83.6,228,SANDSTONE,Barren Measures,Sandstone (SST)
1100,4,7.5829,2.404,150.8,125.7,85.3,201.2,SANDY SHALE,Barren Measures,ss
1101.7,4,7.4695,2.39703,161.3,153.9,85,271.6,SANDY SHALE,Barren Measures,ss
1103,4,7.4766,2.555,93.4,90.8,84.7,107.7,SANDSTONE,Barren Measures,Sandstone (SST)
1106,4,7.756,2.432,74.4,76.4,83.6,88.2,SANDSTONE,Barren Measures,Sandstone (SST)
1109,4,7.8081,2.465,88.8,99.5,88.8,87.7,SANDSTONE,Barren Measures,Sandstone (SST)
1109.5,4,7.8326,2.447,95.8,101.9,88.5,174.4,SANDSTONE,Barren Measures,Sandstone (SST)
1112,4,7.7672,2.408,155.6,143.5,88.5,248.5,SANDY SHALE,Barren Measures,ss
1115,4,7.7229,2.428,131.7,129.2,87.9,98.2,SANDY SHALE,Barren Measures,ss
1118,4,7.5758,2.264,193.9,170.8,89.1,228.9,SANDY SHALE,Barren Measures,ss
1121,4,7.5064,2.441,241.7,190.5,88.2,214.4,SANDSTONE,Barren Measures,Sandstone (SST)
1121.68,4,7.5925,2.298,241.301,176.299,88.5994,224.972,SANDSTONE,Barren Measures,Sandstone (SST)
1122.3,4,7.3917,2.388,223.503,170.21,88.4006,205.273,SANDY SHALE,Barren Measures,ss
1123.1,4,7.5883,2.419,191.5,147.8,88.5,278.9,SANDSTONE,Barren Measures,Sandstone (SST)
1123.65,4,7.4281,2.476,160.906,146.107,87.7006,256.159,SANDY SHALE,Barren Measures,ss
1124,4,7.429,2.481,152.2,139.7,88.7,228.9,SANDSTONE,Barren Measures,Sandstone (SST)
1127,4,7.4198,2.447,122.3,116.5,88.2,229.4,SANDSTONE,Barren Measures,Sandstone (SST)
1130,4,7.5109,2.47,93.6,117.5,87.8,245.3,SANDSTONE,Barren Measures,Sandstone (SST)
1130.9,4,7.6016,2.384,59.5012,63.5043,85.4006,316.062,SANDSTONE,Barren Measures,Sandstone (SST)
1131.5,4,7.6442,2.412,70,89.9,87.6,223,SANDY SHALE,Barren Measures,ss
1133,4,7.593,2.419,66.8,72,87.6,100.4,SANDSTONE,Barren Measures,Sandstone (SST)
1136,4,7.5069,2.457,114,125.1,87.3,184,SANDSTONE,Barren Measures,Sandstone (SST)
1137.7,4,7.67498,1.88304,110.2,116.5,87.5,174.4,SANDSTONE,Barren Measures,Sandstone (SST)
1139,4,7.5622,2.467,99.2,110.5,87.2,109.5,SANDY SHALE,Barren Measures,ss
